Using pre-set license
Built from '2022.3/release' branch; Version is '2022.3.48f1 (8bf49c377ebf) revision 9172124'; Using compiler version '192829333'; Build Type 'Release'
OS: 'Windows 11  (10.0.22631) 64bit CoreSingleLanguage' Language: 'en' Physical Memory: 16010 MB
BatchMode: 1, IsHumanControllingUs: 0, StartBugReporterOnCrash: 0, Is64bit: 1, IsPro: 1

COMMAND LINE ARGUMENTS:
D:\Unity\Unity\Hub\Editor\2022.3.48f1\Editor\Unity.exe
-adb2
-batchMode
-noUpm
-name
AssetImportWorker4
-projectPath
D:/github main/rmit_vlambeerlab
-logFile
Logs/AssetImportWorker4.log
-srvPort
52285
Successfully changed project path to: D:/github main/rmit_vlambeerlab
D:/github main/rmit_vlambeerlab
[UnityMemory] Configuration Parameters - Can be set up in boot.config
    "memorysetup-bucket-allocator-granularity=16"
    "memorysetup-bucket-allocator-bucket-count=8"
    "memorysetup-bucket-allocator-block-size=33554432"
    "memorysetup-bucket-allocator-block-count=8"
    "memorysetup-main-allocator-block-size=16777216"
    "memorysetup-thread-allocator-block-size=16777216"
    "memorysetup-gfx-main-allocator-block-size=16777216"
    "memorysetup-gfx-thread-allocator-block-size=16777216"
    "memorysetup-cache-allocator-block-size=4194304"
    "memorysetup-typetree-allocator-block-size=2097152"
    "memorysetup-profiler-bucket-allocator-granularity=16"
    "memorysetup-profiler-bucket-allocator-bucket-count=8"
    "memorysetup-profiler-bucket-allocator-block-size=33554432"
    "memorysetup-profiler-bucket-allocator-block-count=8"
    "memorysetup-profiler-allocator-block-size=16777216"
    "memorysetup-profiler-editor-allocator-block-size=1048576"
    "memorysetup-temp-allocator-size-main=16777216"
    "memorysetup-job-temp-allocator-block-size=2097152"
    "memorysetup-job-temp-allocator-block-size-background=1048576"
    "memorysetup-job-temp-allocator-reduction-small-platforms=262144"
    "memorysetup-allocator-temp-initial-block-size-main=262144"
    "memorysetup-allocator-temp-initial-block-size-worker=262144"
    "memorysetup-temp-allocator-size-background-worker=32768"
    "memorysetup-temp-allocator-size-job-worker=262144"
    "memorysetup-temp-allocator-size-preload-manager=33554432"
    "memorysetup-temp-allocator-size-nav-mesh-worker=65536"
    "memorysetup-temp-allocator-size-audio-worker=65536"
    "memorysetup-temp-allocator-size-cloud-worker=32768"
    "memorysetup-temp-allocator-size-gi-baking-worker=262144"
    "memorysetup-temp-allocator-size-gfx=262144"
Player connection [22684]  Target information:

Player connection [22684]  * "[IP] 10.247.192.253 [Port] 0 [Flags] 2 [Guid] 2633739374 [EditorId] 2633739374 [Version] 1048832 [Id] WindowsEditor(7,LAPTOP-V9276BOI) [Debug] 1 [PackageName] WindowsEditor [ProjectName] Editor" 

Player connection [22684] Host joined multi-casting on [225.0.0.222:54997]...
Player connection [22684] Host joined alternative multi-casting on [225.0.0.222:34997]...
[PhysX] Initialized MultithreadedTaskDispatcher with 16 workers.
Refreshing native plugins compatible for Editor in 1968.89 ms, found 2 plugins.
Preloading 0 native plugins for Editor in 0.00 ms.
Initialize engine version: 2022.3.48f1 (8bf49c377ebf)
[Subsystems] Discovering subsystems at path D:/Unity/Unity/Hub/Editor/2022.3.48f1/Editor/Data/Resources/UnitySubsystems
[Subsystems] Discovering subsystems at path D:/github main/rmit_vlambeerlab/Assets
GfxDevice: creating device client; threaded=0; jobified=0
Direct3D:
    Version:  Direct3D 11.0 [level 11.1]
    Renderer: NVIDIA GeForce RTX 4060 Laptop GPU (ID=0x28e0)
    Vendor:   NVIDIA
    VRAM:     7957 MB
    Driver:   32.0.15.6607
Initialize mono
Mono path[0] = 'D:/Unity/Unity/Hub/Editor/2022.3.48f1/Editor/Data/Managed'
Mono path[1] = 'D:/Unity/Unity/Hub/Editor/2022.3.48f1/Editor/Data/MonoBleedingEdge/lib/mono/unityjit-win32'
Mono config path = 'D:/Unity/Unity/Hub/Editor/2022.3.48f1/Editor/Data/MonoBleedingEdge/etc'
Using monoOptions --debugger-agent=transport=dt_socket,embedding=1,server=y,suspend=n,address=127.0.0.1:56740
Begin MonoManager ReloadAssembly
Registering precompiled unity dll's ...
Register platform support module: D:/Unity/Unity/Hub/Editor/2022.3.48f1/Editor/Data/PlaybackEngines/WebGLSupport/UnityEditor.WebGL.Extensions.dll
Register platform support module: D:/Unity/Unity/Hub/Editor/2022.3.48f1/Editor/Data/PlaybackEngines/WindowsStandaloneSupport/UnityEditor.WindowsStandalone.Extensions.dll
Registered in 0.558772 seconds.
- Loaded All Assemblies, in 17.706 seconds
Native extension for WindowsStandalone target not found
Native extension for WebGL target not found
Mono: successfully reloaded assembly
- Finished resetting the current domain, in  0.298 seconds
Domain Reload Profiling: 18004ms
	BeginReloadAssembly (14058ms)
		ExecutionOrderSort (0ms)
		DisableScriptedObjects (0ms)
		BackupInstance (0ms)
		ReleaseScriptingObjects (0ms)
		CreateAndSetChildDomain (0ms)
	RebuildCommonClasses (731ms)
	RebuildNativeTypeToScriptingClass (14ms)
	initialDomainReloadingComplete (596ms)
	LoadAllAssembliesAndSetupDomain (2306ms)
		LoadAssemblies (14058ms)
		RebuildTransferFunctionScriptingTraits (0ms)
		AnalyzeDomain (2304ms)
			TypeCache.Refresh (2303ms)
				TypeCache.ScanAssembly (1834ms)
			ScanForSourceGeneratedMonoScriptInfo (0ms)
			ResolveRequiredComponents (1ms)
	FinalizeReload (299ms)
		ReleaseScriptCaches (0ms)
		RebuildScriptCaches (0ms)
		SetupLoadedEditorAssemblies (256ms)
			LogAssemblyErrors (0ms)
			InitializePlatformSupportModulesInManaged (9ms)
			SetLoadedEditorAssemblies (5ms)
			RefreshPlugins (0ms)
			BeforeProcessingInitializeOnLoad (3ms)
			ProcessInitializeOnLoadAttributes (188ms)
			ProcessInitializeOnLoadMethodAttributes (50ms)
			AfterProcessingInitializeOnLoad (0ms)
			EditorAssembliesLoaded (0ms)
		ExecutionOrderSort2 (0ms)
		AwakeInstancesAfterBackupRestoration (0ms)
========================================================================
Worker process is ready to serve import requests
Caller must complete domain reload
Begin MonoManager ReloadAssembly
- Loaded All Assemblies, in 10.446 seconds
Native extension for WindowsStandalone target not found
Native extension for WebGL target not found
Package Manager log level set to [2]
[Package Manager] Server::EnsureServerProcessIsRunning -- launch failed, reason: Unity was launched with the -noUpm command-line argument
[Package Manager] UpmClient::Send -- Unable to send message (not connected to UPM process).
[Package Manager] Cannot connect to Unity Package Manager local server
[Package Manager] Server::EnsureServerProcessIsRunning -- launch failed, reason: Unity was launched with the -noUpm command-line argument
[Package Manager] UpmClient::Send -- Unable to send message (not connected to UPM process).
[Package Manager] Cannot connect to Unity Package Manager local server
Mono: successfully reloaded assembly
[Package Manager] Server::EnsureServerProcessIsRunning -- launch failed, reason: Unity was launched with the -noUpm command-line argument
[Package Manager] UpmClient::Send -- Unable to send message (not connected to UPM process).
[Package Manager] Cannot connect to Unity Package Manager local server
[Package Manager] Server::EnsureServerProcessIsRunning -- launch failed, reason: Unity was launched with the -noUpm command-line argument
[Package Manager] UpmClient::Send -- Unable to send message (not connected to UPM process).
[Package Manager] Cannot connect to Unity Package Manager local server
- Finished resetting the current domain, in  0.645 seconds
Domain Reload Profiling: 11091ms
	BeginReloadAssembly (132ms)
		ExecutionOrderSort (0ms)
		DisableScriptedObjects (5ms)
		BackupInstance (0ms)
		ReleaseScriptingObjects (0ms)
		CreateAndSetChildDomain (19ms)
	RebuildCommonClasses (25ms)
	RebuildNativeTypeToScriptingClass (8ms)
	initialDomainReloadingComplete (30ms)
	LoadAllAssembliesAndSetupDomain (10252ms)
		LoadAssemblies (9251ms)
		RebuildTransferFunctionScriptingTraits (0ms)
		AnalyzeDomain (1078ms)
			TypeCache.Refresh (1069ms)
				TypeCache.ScanAssembly (912ms)
			ScanForSourceGeneratedMonoScriptInfo (6ms)
			ResolveRequiredComponents (2ms)
	FinalizeReload (645ms)
		ReleaseScriptCaches (0ms)
		RebuildScriptCaches (0ms)
		SetupLoadedEditorAssemblies (504ms)
			LogAssemblyErrors (0ms)
			InitializePlatformSupportModulesInManaged (3ms)
			SetLoadedEditorAssemblies (2ms)
			RefreshPlugins (0ms)
			BeforeProcessingInitializeOnLoad (32ms)
			ProcessInitializeOnLoadAttributes (444ms)
			ProcessInitializeOnLoadMethodAttributes (21ms)
			AfterProcessingInitializeOnLoad (2ms)
			EditorAssembliesLoaded (0ms)
		ExecutionOrderSort2 (0ms)
		AwakeInstancesAfterBackupRestoration (6ms)
Launched and connected shader compiler UnityShaderCompiler.exe after 0.10 seconds
Refreshing native plugins compatible for Editor in 1.15 ms, found 2 plugins.
Preloading 0 native plugins for Editor in 0.00 ms.
Unloading 1676 Unused Serialized files (Serialized files now loaded: 0)
Unloading 15 unused Assets / (54.5 KB). Loaded Objects now: 2156.
Memory consumption went from 91.8 MB to 91.8 MB.
Total: 3.373300 ms (FindLiveObjects: 0.117200 ms CreateObjectMapping: 0.030200 ms MarkObjects: 3.147500 ms  DeleteObjects: 0.077500 ms)

AssetImportParameters requested are different than current active one (requested -> active):
  custom:video-decoder-webm-vp8: 9c59270c3fd7afecdb556c50c9e8de78 -> 
  custom:SearchIndexIgnoredProperties: e643bd26f0fe6173181afceb89e7c659 -> 
  custom:container-demuxer-ogg: 62fdf1f143b41e24485cea50d1cbac27 -> 
  custom:AudioImporter_EditorPlatform: d09bf68614088b80899f8185d706f6e7 -> 
  custom:video-codec-MediaFoundation-h265: 746d11721c4dcdbdad8f713fa42b33f4 -> 
  custom:video-decoder-ogg-theora: a1e56fd34408186e4bbccfd4996cb3dc -> 
  custom:framework-win-MediaFoundation: 216162199b28c13a410421893ffa2e32 -> 
  custom:video-encoder-webm-vp8: eb34c28f22e8b96e1ab97ce403110664 -> 
  custom:audio-decoder-ogg-vorbis: bf7c407c2cedff20999df2af8eb42d56 -> 
  custom:CustomObjectIndexerAttribute: 9a22284fe3817be447336de3de66b15e -> 
  custom:container-demuxer-webm: 4f35f7cbe854078d1ac9338744f61a02 -> 
  custom:audio-encoder-webm-vorbis: bf7c407c2cedff20999df2af8eb42d56 -> 
  custom:container-muxer-webm: aa71ff27fc2769a1b78a27578f13a17b -> 
========================================================================
Received Import Request.
  Time since last request: 47957.392312 seconds.
  path: Assets/Idle.png
  artifactKey: Guid(80761c5d45804964aa46e25ff9c19d00) Importer(815301076,1909f56bfc062723c751e8b465ee728b)
Start importing Assets/Idle.png using Guid(80761c5d45804964aa46e25ff9c19d00) Importer(815301076,1909f56bfc062723c751e8b465ee728b) [PhysX] Initialized MultithreadedTaskDispatcher with 16 workers.
[PhysX] Initialized MultithreadedTaskDispatcher with 16 workers.
 -> (artifact id: '922ebb06c8e0c947b17397ed92c3190b') in 0.052878 seconds
Number of updated asset objects reloaded before import = 0
Number of asset objects unloaded after import = 2
========================================================================
Received Import Request.
  Time since last request: 50.968845 seconds.
  path: Assets/ShakeHead.png
  artifactKey: Guid(823af088891950d4f92e6ebeb30d98ca) Importer(815301076,1909f56bfc062723c751e8b465ee728b)
Start importing Assets/ShakeHead.png using Guid(823af088891950d4f92e6ebeb30d98ca) Importer(815301076,1909f56bfc062723c751e8b465ee728b) [PhysX] Initialized MultithreadedTaskDispatcher with 16 workers.
[PhysX] Initialized MultithreadedTaskDispatcher with 16 workers.
 -> (artifact id: '63690c9b4f2fdc4a9fadd7ebd9fdc66d') in 0.016532 seconds
Number of updated asset objects reloaded before import = 0
Number of asset objects unloaded after import = 2
========================================================================
Received Import Request.
  Time since last request: 13.617055 seconds.
  path: Assets/ShakeHead.png
  artifactKey: Guid(823af088891950d4f92e6ebeb30d98ca) Importer(815301076,1909f56bfc062723c751e8b465ee728b)
Start importing Assets/ShakeHead.png using Guid(823af088891950d4f92e6ebeb30d98ca) Importer(815301076,1909f56bfc062723c751e8b465ee728b) [PhysX] Initialized MultithreadedTaskDispatcher with 16 workers.
[PhysX] Initialized MultithreadedTaskDispatcher with 16 workers.
 -> (artifact id: '7eff728a45fff651a1094013d6f75ed1') in 0.046781 seconds
Number of updated asset objects reloaded before import = 0
Number of asset objects unloaded after import = 3
========================================================================
Received Import Request.
  Time since last request: 72.884903 seconds.
  path: Assets/scripts/Test
  artifactKey: Guid(9c9e51dc2c16f6e46955f2a567a5ce06) Importer(815301076,1909f56bfc062723c751e8b465ee728b)
Start importing Assets/scripts/Test using Guid(9c9e51dc2c16f6e46955f2a567a5ce06) Importer(815301076,1909f56bfc062723c751e8b465ee728b) [PhysX] Initialized MultithreadedTaskDispatcher with 16 workers.
 -> (artifact id: '77a62e592d86b6b7fdcfb70bba98e886') in 0.000800 seconds
Number of updated asset objects reloaded before import = 0
Number of asset objects unloaded after import = 0
========================================================================
Received Prepare
Caller must complete domain reload
Begin MonoManager ReloadAssembly
- Loaded All Assemblies, in  0.342 seconds
Native extension for WindowsStandalone target not found
Native extension for WebGL target not found
[Package Manager] Server::EnsureServerProcessIsRunning -- launch failed, reason: Unity was launched with the -noUpm command-line argument
[Package Manager] UpmClient::Send -- Unable to send message (not connected to UPM process).
[Package Manager] Cannot connect to Unity Package Manager local server
[Package Manager] Server::EnsureServerProcessIsRunning -- launch failed, reason: Unity was launched with the -noUpm command-line argument
[Package Manager] UpmClient::Send -- Unable to send message (not connected to UPM process).
[Package Manager] Cannot connect to Unity Package Manager local server
Mono: successfully reloaded assembly
[Package Manager] Server::EnsureServerProcessIsRunning -- launch failed, reason: Unity was launched with the -noUpm command-line argument
[Package Manager] UpmClient::Send -- Unable to send message (not connected to UPM process).
[Package Manager] Cannot connect to Unity Package Manager local server
- Finished resetting the current domain, in  0.601 seconds
Domain Reload Profiling: 943ms
	BeginReloadAssembly (125ms)
		ExecutionOrderSort (0ms)
		DisableScriptedObjects (3ms)
		BackupInstance (0ms)
		ReleaseScriptingObjects (0ms)
		CreateAndSetChildDomain (32ms)
	RebuildCommonClasses (32ms)
	RebuildNativeTypeToScriptingClass (8ms)
	initialDomainReloadingComplete (18ms)
	LoadAllAssembliesAndSetupDomain (160ms)
		LoadAssemblies (217ms)
		RebuildTransferFunctionScriptingTraits (0ms)
		AnalyzeDomain (12ms)
			TypeCache.Refresh (4ms)
				TypeCache.ScanAssembly (0ms)
			ScanForSourceGeneratedMonoScriptInfo (5ms)
			ResolveRequiredComponents (2ms)
	FinalizeReload (602ms)
		ReleaseScriptCaches (0ms)
		RebuildScriptCaches (0ms)
		SetupLoadedEditorAssemblies (440ms)
			LogAssemblyErrors (0ms)
			InitializePlatformSupportModulesInManaged (3ms)
			SetLoadedEditorAssemblies (2ms)
			RefreshPlugins (0ms)
			BeforeProcessingInitializeOnLoad (34ms)
			ProcessInitializeOnLoadAttributes (379ms)
			ProcessInitializeOnLoadMethodAttributes (20ms)
			AfterProcessingInitializeOnLoad (1ms)
			EditorAssembliesLoaded (0ms)
		ExecutionOrderSort2 (0ms)
		AwakeInstancesAfterBackupRestoration (5ms)
Refreshing native plugins compatible for Editor in 0.69 ms, found 2 plugins.
Preloading 0 native plugins for Editor in 0.00 ms.
Unloading 1656 Unused Serialized files (Serialized files now loaded: 0)
Unloading 10 unused Assets / (25.9 KB). Loaded Objects now: 2167.
Memory consumption went from 91.7 MB to 91.6 MB.
Total: 2.308400 ms (FindLiveObjects: 0.089600 ms CreateObjectMapping: 0.027600 ms MarkObjects: 2.161100 ms  DeleteObjects: 0.029000 ms)

Prepare: number of updated asset objects reloaded= 0
AssetImportParameters requested are different than current active one (requested -> active):
  custom:video-decoder-webm-vp8: 9c59270c3fd7afecdb556c50c9e8de78 -> 
  custom:SearchIndexIgnoredProperties: e643bd26f0fe6173181afceb89e7c659 -> 
  custom:container-demuxer-ogg: 62fdf1f143b41e24485cea50d1cbac27 -> 
  custom:AudioImporter_EditorPlatform: d09bf68614088b80899f8185d706f6e7 -> 
  custom:video-codec-MediaFoundation-h265: 746d11721c4dcdbdad8f713fa42b33f4 -> 
  custom:video-decoder-ogg-theora: a1e56fd34408186e4bbccfd4996cb3dc -> 
  custom:framework-win-MediaFoundation: 216162199b28c13a410421893ffa2e32 -> 
  custom:scripting/monoscript/fileName/NewBehaviourScript.cs: b21687ddb03d73bd9f0c1daecb9714de -> 
  custom:video-encoder-webm-vp8: eb34c28f22e8b96e1ab97ce403110664 -> 
  custom:audio-decoder-ogg-vorbis: bf7c407c2cedff20999df2af8eb42d56 -> 
  custom:CustomObjectIndexerAttribute: 9a22284fe3817be447336de3de66b15e -> 
  custom:container-demuxer-webm: 4f35f7cbe854078d1ac9338744f61a02 -> 
  custom:audio-encoder-webm-vorbis: bf7c407c2cedff20999df2af8eb42d56 -> 
  custom:scripting/precompiled-assembly-types:Assembly-CSharp: bbd99c1b36c0c243d820736b5fdc02f6 -> 67436ea41a9d3017f292b886f19aa56f
  custom:container-muxer-webm: aa71ff27fc2769a1b78a27578f13a17b -> 
========================================================================
Received Import Request.
  Time since last request: 1068.425009 seconds.
  path: Assets/scripts/Test/CameraMe.cs
  artifactKey: Guid(b7416c91e0639f845b1ab4ccc86f2f30) Importer(815301076,1909f56bfc062723c751e8b465ee728b)
Start importing Assets/scripts/Test/CameraMe.cs using Guid(b7416c91e0639f845b1ab4ccc86f2f30) Importer(815301076,1909f56bfc062723c751e8b465ee728b) [PhysX] Initialized MultithreadedTaskDispatcher with 16 workers.
 -> (artifact id: '2c4b672f4a3d82462d4cc11b365739ef') in 0.002119 seconds
Number of updated asset objects reloaded before import = 0
Number of asset objects unloaded after import = 0
========================================================================
Received Prepare
Caller must complete domain reload
Begin MonoManager ReloadAssembly
- Loaded All Assemblies, in  0.241 seconds
Native extension for WindowsStandalone target not found
Native extension for WebGL target not found
[Package Manager] Server::EnsureServerProcessIsRunning -- launch failed, reason: Unity was launched with the -noUpm command-line argument
[Package Manager] UpmClient::Send -- Unable to send message (not connected to UPM process).
[Package Manager] Cannot connect to Unity Package Manager local server
[Package Manager] Server::EnsureServerProcessIsRunning -- launch failed, reason: Unity was launched with the -noUpm command-line argument
[Package Manager] UpmClient::Send -- Unable to send message (not connected to UPM process).
[Package Manager] Cannot connect to Unity Package Manager local server
Mono: successfully reloaded assembly
[Package Manager] Server::EnsureServerProcessIsRunning -- launch failed, reason: Unity was launched with the -noUpm command-line argument
[Package Manager] UpmClient::Send -- Unable to send message (not connected to UPM process).
[Package Manager] Cannot connect to Unity Package Manager local server
- Finished resetting the current domain, in  0.620 seconds
Domain Reload Profiling: 861ms
	BeginReloadAssembly (100ms)
		ExecutionOrderSort (0ms)
		DisableScriptedObjects (3ms)
		BackupInstance (0ms)
		ReleaseScriptingObjects (0ms)
		CreateAndSetChildDomain (18ms)
	RebuildCommonClasses (25ms)
	RebuildNativeTypeToScriptingClass (10ms)
	initialDomainReloadingComplete (16ms)
	LoadAllAssembliesAndSetupDomain (91ms)
		LoadAssemblies (136ms)
		RebuildTransferFunctionScriptingTraits (0ms)
		AnalyzeDomain (12ms)
			TypeCache.Refresh (5ms)
				TypeCache.ScanAssembly (0ms)
			ScanForSourceGeneratedMonoScriptInfo (5ms)
			ResolveRequiredComponents (2ms)
	FinalizeReload (620ms)
		ReleaseScriptCaches (0ms)
		RebuildScriptCaches (0ms)
		SetupLoadedEditorAssemblies (437ms)
			LogAssemblyErrors (0ms)
			InitializePlatformSupportModulesInManaged (5ms)
			SetLoadedEditorAssemblies (3ms)
			RefreshPlugins (0ms)
			BeforeProcessingInitializeOnLoad (30ms)
			ProcessInitializeOnLoadAttributes (379ms)
			ProcessInitializeOnLoadMethodAttributes (18ms)
			AfterProcessingInitializeOnLoad (2ms)
			EditorAssembliesLoaded (0ms)
		ExecutionOrderSort2 (0ms)
		AwakeInstancesAfterBackupRestoration (5ms)
Refreshing native plugins compatible for Editor in 1.34 ms, found 2 plugins.
Preloading 0 native plugins for Editor in 0.00 ms.
Unloading 1656 Unused Serialized files (Serialized files now loaded: 0)
Unloading 10 unused Assets / (25.9 KB). Loaded Objects now: 2171.
Memory consumption went from 91.7 MB to 91.6 MB.
Total: 2.051600 ms (FindLiveObjects: 0.094100 ms CreateObjectMapping: 0.024700 ms MarkObjects: 1.899000 ms  DeleteObjects: 0.033200 ms)

Prepare: number of updated asset objects reloaded= 0
AssetImportParameters requested are different than current active one (requested -> active):
  custom:video-decoder-webm-vp8: 9c59270c3fd7afecdb556c50c9e8de78 -> 
  custom:SearchIndexIgnoredProperties: e643bd26f0fe6173181afceb89e7c659 -> 
  custom:container-demuxer-ogg: 62fdf1f143b41e24485cea50d1cbac27 -> 
  custom:AudioImporter_EditorPlatform: d09bf68614088b80899f8185d706f6e7 -> 
  custom:video-codec-MediaFoundation-h265: 746d11721c4dcdbdad8f713fa42b33f4 -> 
  custom:video-decoder-ogg-theora: a1e56fd34408186e4bbccfd4996cb3dc -> 
  custom:framework-win-MediaFoundation: 216162199b28c13a410421893ffa2e32 -> 
  custom:scripting/monoscript/fileName/NewBehaviourScript.cs: b21687ddb03d73bd9f0c1daecb9714de -> 
  custom:video-encoder-webm-vp8: eb34c28f22e8b96e1ab97ce403110664 -> 
  custom:audio-decoder-ogg-vorbis: bf7c407c2cedff20999df2af8eb42d56 -> 
  custom:CustomObjectIndexerAttribute: 9a22284fe3817be447336de3de66b15e -> 
  custom:container-demuxer-webm: 4f35f7cbe854078d1ac9338744f61a02 -> 
  custom:audio-encoder-webm-vorbis: bf7c407c2cedff20999df2af8eb42d56 -> 
  custom:scripting/monoscript/fileName/CameraMe.cs: b21687ddb03d73bd9f0c1daecb9714de -> 
  custom:scripting/precompiled-assembly-types:Assembly-CSharp: e5d2e1897ae530367d80da2157ebf501 -> 67436ea41a9d3017f292b886f19aa56f
  custom:container-muxer-webm: aa71ff27fc2769a1b78a27578f13a17b -> 
========================================================================
Received Import Request.
  Time since last request: 3.421048 seconds.
  path: Assets/scripts/Test/CameraMe.cs
  artifactKey: Guid(b7416c91e0639f845b1ab4ccc86f2f30) Importer(815301076,1909f56bfc062723c751e8b465ee728b)
Start importing Assets/scripts/Test/CameraMe.cs using Guid(b7416c91e0639f845b1ab4ccc86f2f30) Importer(815301076,1909f56bfc062723c751e8b465ee728b) [PhysX] Initialized MultithreadedTaskDispatcher with 16 workers.
 -> (artifact id: 'b44c57554f1b9068f83698abc2d9c73c') in 0.001676 seconds
Number of updated asset objects reloaded before import = 0
Number of asset objects unloaded after import = 0
========================================================================
Received Import Request.
  Time since last request: 1375.240151 seconds.
  path: Assets/scripts/Test/CameraMe.cs
  artifactKey: Guid(b7416c91e0639f845b1ab4ccc86f2f30) Importer(815301076,1909f56bfc062723c751e8b465ee728b)
Start importing Assets/scripts/Test/CameraMe.cs using Guid(b7416c91e0639f845b1ab4ccc86f2f30) Importer(815301076,1909f56bfc062723c751e8b465ee728b) [PhysX] Initialized MultithreadedTaskDispatcher with 16 workers.
 -> (artifact id: 'bdaf430a2a369ad6c49a6502b5d54ca3') in 0.000835 seconds
Number of updated asset objects reloaded before import = 0
Number of asset objects unloaded after import = 0
========================================================================
Received Prepare
Caller must complete domain reload
Begin MonoManager ReloadAssembly
- Loaded All Assemblies, in  0.268 seconds
Native extension for WindowsStandalone target not found
Native extension for WebGL target not found
[Package Manager] Server::EnsureServerProcessIsRunning -- launch failed, reason: Unity was launched with the -noUpm command-line argument
[Package Manager] UpmClient::Send -- Unable to send message (not connected to UPM process).
[Package Manager] Cannot connect to Unity Package Manager local server
[Package Manager] Server::EnsureServerProcessIsRunning -- launch failed, reason: Unity was launched with the -noUpm command-line argument
[Package Manager] UpmClient::Send -- Unable to send message (not connected to UPM process).
[Package Manager] Cannot connect to Unity Package Manager local server
Mono: successfully reloaded assembly
[Package Manager] Server::EnsureServerProcessIsRunning -- launch failed, reason: Unity was launched with the -noUpm command-line argument
[Package Manager] UpmClient::Send -- Unable to send message (not connected to UPM process).
[Package Manager] Cannot connect to Unity Package Manager local server
- Finished resetting the current domain, in  0.642 seconds
Domain Reload Profiling: 910ms
	BeginReloadAssembly (106ms)
		ExecutionOrderSort (0ms)
		DisableScriptedObjects (2ms)
		BackupInstance (0ms)
		ReleaseScriptingObjects (0ms)
		CreateAndSetChildDomain (21ms)
	RebuildCommonClasses (22ms)
	RebuildNativeTypeToScriptingClass (8ms)
	initialDomainReloadingComplete (18ms)
	LoadAllAssembliesAndSetupDomain (115ms)
		LoadAssemblies (165ms)
		RebuildTransferFunctionScriptingTraits (0ms)
		AnalyzeDomain (12ms)
			TypeCache.Refresh (5ms)
				TypeCache.ScanAssembly (0ms)
			ScanForSourceGeneratedMonoScriptInfo (5ms)
			ResolveRequiredComponents (2ms)
	FinalizeReload (642ms)
		ReleaseScriptCaches (0ms)
		RebuildScriptCaches (0ms)
		SetupLoadedEditorAssemblies (456ms)
			LogAssemblyErrors (0ms)
			InitializePlatformSupportModulesInManaged (5ms)
			SetLoadedEditorAssemblies (3ms)
			RefreshPlugins (0ms)
			BeforeProcessingInitializeOnLoad (31ms)
			ProcessInitializeOnLoadAttributes (395ms)
			ProcessInitializeOnLoadMethodAttributes (20ms)
			AfterProcessingInitializeOnLoad (2ms)
			EditorAssembliesLoaded (0ms)
		ExecutionOrderSort2 (0ms)
		AwakeInstancesAfterBackupRestoration (5ms)
Refreshing native plugins compatible for Editor in 1.40 ms, found 2 plugins.
Preloading 0 native plugins for Editor in 0.00 ms.
Unloading 1656 Unused Serialized files (Serialized files now loaded: 0)
Unloading 10 unused Assets / (25.9 KB). Loaded Objects now: 2175.
Memory consumption went from 91.7 MB to 91.6 MB.
Total: 2.163600 ms (FindLiveObjects: 0.092600 ms CreateObjectMapping: 0.028600 ms MarkObjects: 2.011200 ms  DeleteObjects: 0.030200 ms)

Prepare: number of updated asset objects reloaded= 0
AssetImportParameters requested are different than current active one (requested -> active):
  custom:video-decoder-webm-vp8: 9c59270c3fd7afecdb556c50c9e8de78 -> 
  custom:SearchIndexIgnoredProperties: e643bd26f0fe6173181afceb89e7c659 -> 
  custom:container-demuxer-ogg: 62fdf1f143b41e24485cea50d1cbac27 -> 
  custom:AudioImporter_EditorPlatform: d09bf68614088b80899f8185d706f6e7 -> 
  custom:video-codec-MediaFoundation-h265: 746d11721c4dcdbdad8f713fa42b33f4 -> 
  custom:video-decoder-ogg-theora: a1e56fd34408186e4bbccfd4996cb3dc -> 
  custom:framework-win-MediaFoundation: 216162199b28c13a410421893ffa2e32 -> 
  custom:scripting/monoscript/fileName/NewBehaviourScript.cs: b21687ddb03d73bd9f0c1daecb9714de -> 
  custom:video-encoder-webm-vp8: eb34c28f22e8b96e1ab97ce403110664 -> 
  custom:audio-decoder-ogg-vorbis: bf7c407c2cedff20999df2af8eb42d56 -> 
  custom:CustomObjectIndexerAttribute: 9a22284fe3817be447336de3de66b15e -> 
  custom:container-demuxer-webm: 4f35f7cbe854078d1ac9338744f61a02 -> 
  custom:audio-encoder-webm-vorbis: bf7c407c2cedff20999df2af8eb42d56 -> 
  custom:scripting/monoscript/fileName/CameraMe.cs: 7c1f197c71b319c626f5e49d4f89eacb -> 
  custom:scripting/precompiled-assembly-types:Assembly-CSharp: 3525e4b8a8e7c5d63f673313a061c069 -> 67436ea41a9d3017f292b886f19aa56f
  custom:container-muxer-webm: aa71ff27fc2769a1b78a27578f13a17b -> 
========================================================================
Received Import Request.
  Time since last request: 4.371031 seconds.
  path: Assets/scripts/Test/CameraMe.cs
  artifactKey: Guid(b7416c91e0639f845b1ab4ccc86f2f30) Importer(815301076,1909f56bfc062723c751e8b465ee728b)
Start importing Assets/scripts/Test/CameraMe.cs using Guid(b7416c91e0639f845b1ab4ccc86f2f30) Importer(815301076,1909f56bfc062723c751e8b465ee728b) [PhysX] Initialized MultithreadedTaskDispatcher with 16 workers.
 -> (artifact id: 'a3f5d7f5d6ded77adc6941bfb750d5f2') in 0.001932 seconds
Number of updated asset objects reloaded before import = 0
Number of asset objects unloaded after import = 0
========================================================================
Received Import Request.
  Time since last request: 78.510296 seconds.
  path: Assets/scripts/Test/BasicMovement.cs
  artifactKey: Guid(e34bb91bd1fa3f54a836a9230dcc9adb) Importer(815301076,1909f56bfc062723c751e8b465ee728b)
Start importing Assets/scripts/Test/BasicMovement.cs using Guid(e34bb91bd1fa3f54a836a9230dcc9adb) Importer(815301076,1909f56bfc062723c751e8b465ee728b) [PhysX] Initialized MultithreadedTaskDispatcher with 16 workers.
 -> (artifact id: '7b716966abe95a4af6e33465ebb50266') in 0.000514 seconds
Number of updated asset objects reloaded before import = 0
Number of asset objects unloaded after import = 0
========================================================================
Received Prepare
Caller must complete domain reload
Begin MonoManager ReloadAssembly
- Loaded All Assemblies, in  0.275 seconds
Native extension for WindowsStandalone target not found
Native extension for WebGL target not found
[Package Manager] Server::EnsureServerProcessIsRunning -- launch failed, reason: Unity was launched with the -noUpm command-line argument
[Package Manager] UpmClient::Send -- Unable to send message (not connected to UPM process).
[Package Manager] Cannot connect to Unity Package Manager local server
[Package Manager] Server::EnsureServerProcessIsRunning -- launch failed, reason: Unity was launched with the -noUpm command-line argument
[Package Manager] UpmClient::Send -- Unable to send message (not connected to UPM process).
[Package Manager] Cannot connect to Unity Package Manager local server
Mono: successfully reloaded assembly
[Package Manager] Server::EnsureServerProcessIsRunning -- launch failed, reason: Unity was launched with the -noUpm command-line argument
[Package Manager] UpmClient::Send -- Unable to send message (not connected to UPM process).
[Package Manager] Cannot connect to Unity Package Manager local server
- Finished resetting the current domain, in  0.603 seconds
Domain Reload Profiling: 878ms
	BeginReloadAssembly (102ms)
		ExecutionOrderSort (0ms)
		DisableScriptedObjects (2ms)
		BackupInstance (0ms)
		ReleaseScriptingObjects (0ms)
		CreateAndSetChildDomain (18ms)
	RebuildCommonClasses (34ms)
	RebuildNativeTypeToScriptingClass (12ms)
	initialDomainReloadingComplete (17ms)
	LoadAllAssembliesAndSetupDomain (109ms)
		LoadAssemblies (151ms)
		RebuildTransferFunctionScriptingTraits (0ms)
		AnalyzeDomain (18ms)
			TypeCache.Refresh (7ms)
				TypeCache.ScanAssembly (0ms)
			ScanForSourceGeneratedMonoScriptInfo (8ms)
			ResolveRequiredComponents (3ms)
	FinalizeReload (604ms)
		ReleaseScriptCaches (0ms)
		RebuildScriptCaches (0ms)
		SetupLoadedEditorAssemblies (421ms)
			LogAssemblyErrors (0ms)
			InitializePlatformSupportModulesInManaged (4ms)
			SetLoadedEditorAssemblies (2ms)
			RefreshPlugins (0ms)
			BeforeProcessingInitializeOnLoad (29ms)
			ProcessInitializeOnLoadAttributes (365ms)
			ProcessInitializeOnLoadMethodAttributes (20ms)
			AfterProcessingInitializeOnLoad (2ms)
			EditorAssembliesLoaded (0ms)
		ExecutionOrderSort2 (0ms)
		AwakeInstancesAfterBackupRestoration (5ms)
Refreshing native plugins compatible for Editor in 0.76 ms, found 2 plugins.
Preloading 0 native plugins for Editor in 0.00 ms.
Unloading 1657 Unused Serialized files (Serialized files now loaded: 0)
Unloading 10 unused Assets / (25.9 KB). Loaded Objects now: 2180.
Memory consumption went from 91.7 MB to 91.7 MB.
Total: 2.611600 ms (FindLiveObjects: 0.106100 ms CreateObjectMapping: 0.035900 ms MarkObjects: 2.436400 ms  DeleteObjects: 0.032400 ms)

Prepare: number of updated asset objects reloaded= 0
AssetImportParameters requested are different than current active one (requested -> active):
  custom:video-decoder-webm-vp8: 9c59270c3fd7afecdb556c50c9e8de78 -> 
  custom:SearchIndexIgnoredProperties: e643bd26f0fe6173181afceb89e7c659 -> 
  custom:container-demuxer-ogg: 62fdf1f143b41e24485cea50d1cbac27 -> 
  custom:AudioImporter_EditorPlatform: d09bf68614088b80899f8185d706f6e7 -> 
  custom:video-codec-MediaFoundation-h265: 746d11721c4dcdbdad8f713fa42b33f4 -> 
  custom:video-decoder-ogg-theora: a1e56fd34408186e4bbccfd4996cb3dc -> 
  custom:framework-win-MediaFoundation: 216162199b28c13a410421893ffa2e32 -> 
  custom:scripting/monoscript/fileName/NewBehaviourScript.cs: b21687ddb03d73bd9f0c1daecb9714de -> 
  custom:video-encoder-webm-vp8: eb34c28f22e8b96e1ab97ce403110664 -> 
  custom:audio-decoder-ogg-vorbis: bf7c407c2cedff20999df2af8eb42d56 -> 
  custom:CustomObjectIndexerAttribute: 9a22284fe3817be447336de3de66b15e -> 
  custom:container-demuxer-webm: 4f35f7cbe854078d1ac9338744f61a02 -> 
  custom:scripting/monoscript/fileName/BasicMovement.cs: a880b29f2a71af6c65a37a45b20c49c7 -> 
  custom:audio-encoder-webm-vorbis: bf7c407c2cedff20999df2af8eb42d56 -> 
  custom:scripting/monoscript/fileName/CameraMe.cs: 7c1f197c71b319c626f5e49d4f89eacb -> 
  custom:scripting/precompiled-assembly-types:Assembly-CSharp: 09a88dbd20da33b2423a0e62a49521bc -> 67436ea41a9d3017f292b886f19aa56f
  custom:container-muxer-webm: aa71ff27fc2769a1b78a27578f13a17b -> 
========================================================================
Received Import Request.
  Time since last request: 3.954901 seconds.
  path: Assets/scripts/Test/BasicMovement.cs
  artifactKey: Guid(e34bb91bd1fa3f54a836a9230dcc9adb) Importer(815301076,1909f56bfc062723c751e8b465ee728b)
Start importing Assets/scripts/Test/BasicMovement.cs using Guid(e34bb91bd1fa3f54a836a9230dcc9adb) Importer(815301076,1909f56bfc062723c751e8b465ee728b) [PhysX] Initialized MultithreadedTaskDispatcher with 16 workers.
 -> (artifact id: '329a42dc69e7cdb1a640ee2924747c90') in 0.001687 seconds
Number of updated asset objects reloaded before import = 0
Number of asset objects unloaded after import = 0
========================================================================
Received Import Request.
  Time since last request: 9.653505 seconds.
  path: Assets/scripts/Test/BasicMovement.cs
  artifactKey: Guid(e34bb91bd1fa3f54a836a9230dcc9adb) Importer(815301076,1909f56bfc062723c751e8b465ee728b)
Start importing Assets/scripts/Test/BasicMovement.cs using Guid(e34bb91bd1fa3f54a836a9230dcc9adb) Importer(815301076,1909f56bfc062723c751e8b465ee728b) [PhysX] Initialized MultithreadedTaskDispatcher with 16 workers.
 -> (artifact id: '97443dc4fe5c7dae999c8c0ffcd00803') in 0.000368 seconds
Number of updated asset objects reloaded before import = 0
Number of asset objects unloaded after import = 0
========================================================================
Received Prepare
Caller must complete domain reload
Begin MonoManager ReloadAssembly
- Loaded All Assemblies, in  0.288 seconds
Native extension for WindowsStandalone target not found
Native extension for WebGL target not found
[Package Manager] Server::EnsureServerProcessIsRunning -- launch failed, reason: Unity was launched with the -noUpm command-line argument
[Package Manager] UpmClient::Send -- Unable to send message (not connected to UPM process).
[Package Manager] Cannot connect to Unity Package Manager local server
[Package Manager] Server::EnsureServerProcessIsRunning -- launch failed, reason: Unity was launched with the -noUpm command-line argument
[Package Manager] UpmClient::Send -- Unable to send message (not connected to UPM process).
[Package Manager] Cannot connect to Unity Package Manager local server
Mono: successfully reloaded assembly
[Package Manager] Server::EnsureServerProcessIsRunning -- launch failed, reason: Unity was launched with the -noUpm command-line argument
[Package Manager] UpmClient::Send -- Unable to send message (not connected to UPM process).
[Package Manager] Cannot connect to Unity Package Manager local server
- Finished resetting the current domain, in  0.710 seconds
Domain Reload Profiling: 998ms
	BeginReloadAssembly (121ms)
		ExecutionOrderSort (0ms)
		DisableScriptedObjects (3ms)
		BackupInstance (0ms)
		ReleaseScriptingObjects (0ms)
		CreateAndSetChildDomain (22ms)
	RebuildCommonClasses (30ms)
	RebuildNativeTypeToScriptingClass (8ms)
	initialDomainReloadingComplete (17ms)
	LoadAllAssembliesAndSetupDomain (113ms)
		LoadAssemblies (169ms)
		RebuildTransferFunctionScriptingTraits (0ms)
		AnalyzeDomain (17ms)
			TypeCache.Refresh (6ms)
				TypeCache.ScanAssembly (0ms)
			ScanForSourceGeneratedMonoScriptInfo (7ms)
			ResolveRequiredComponents (3ms)
	FinalizeReload (711ms)
		ReleaseScriptCaches (0ms)
		RebuildScriptCaches (0ms)
		SetupLoadedEditorAssemblies (505ms)
			LogAssemblyErrors (0ms)
			InitializePlatformSupportModulesInManaged (5ms)
			SetLoadedEditorAssemblies (3ms)
			RefreshPlugins (0ms)
			BeforeProcessingInitializeOnLoad (37ms)
			ProcessInitializeOnLoadAttributes (443ms)
			ProcessInitializeOnLoadMethodAttributes (15ms)
			AfterProcessingInitializeOnLoad (2ms)
			EditorAssembliesLoaded (0ms)
		ExecutionOrderSort2 (0ms)
		AwakeInstancesAfterBackupRestoration (6ms)
Refreshing native plugins compatible for Editor in 0.68 ms, found 2 plugins.
Preloading 0 native plugins for Editor in 0.00 ms.
Unloading 1657 Unused Serialized files (Serialized files now loaded: 0)
Unloading 10 unused Assets / (25.9 KB). Loaded Objects now: 2184.
Memory consumption went from 91.7 MB to 91.7 MB.
Total: 2.872800 ms (FindLiveObjects: 0.107900 ms CreateObjectMapping: 0.036900 ms MarkObjects: 2.696000 ms  DeleteObjects: 0.031200 ms)

Prepare: number of updated asset objects reloaded= 0
AssetImportParameters requested are different than current active one (requested -> active):
  custom:video-decoder-webm-vp8: 9c59270c3fd7afecdb556c50c9e8de78 -> 
  custom:SearchIndexIgnoredProperties: e643bd26f0fe6173181afceb89e7c659 -> 
  custom:container-demuxer-ogg: 62fdf1f143b41e24485cea50d1cbac27 -> 
  custom:AudioImporter_EditorPlatform: d09bf68614088b80899f8185d706f6e7 -> 
  custom:video-codec-MediaFoundation-h265: 746d11721c4dcdbdad8f713fa42b33f4 -> 
  custom:video-decoder-ogg-theora: a1e56fd34408186e4bbccfd4996cb3dc -> 
  custom:framework-win-MediaFoundation: 216162199b28c13a410421893ffa2e32 -> 
  custom:scripting/monoscript/fileName/NewBehaviourScript.cs: b21687ddb03d73bd9f0c1daecb9714de -> 
  custom:video-encoder-webm-vp8: eb34c28f22e8b96e1ab97ce403110664 -> 
  custom:audio-decoder-ogg-vorbis: bf7c407c2cedff20999df2af8eb42d56 -> 
  custom:CustomObjectIndexerAttribute: 9a22284fe3817be447336de3de66b15e -> 
  custom:container-demuxer-webm: 4f35f7cbe854078d1ac9338744f61a02 -> 
  custom:scripting/monoscript/fileName/BasicMovement.cs: a880b29f2a71af6c65a37a45b20c49c7 -> 
  custom:audio-encoder-webm-vorbis: bf7c407c2cedff20999df2af8eb42d56 -> 
  custom:scripting/monoscript/fileName/CameraMe.cs: 7c1f197c71b319c626f5e49d4f89eacb -> 
  custom:scripting/precompiled-assembly-types:Assembly-CSharp: 09a88dbd20da33b2423a0e62a49521bc -> 67436ea41a9d3017f292b886f19aa56f
  custom:container-muxer-webm: aa71ff27fc2769a1b78a27578f13a17b -> 
========================================================================
Received Prepare
Caller must complete domain reload
Begin MonoManager ReloadAssembly
- Loaded All Assemblies, in  0.246 seconds
Native extension for WindowsStandalone target not found
Native extension for WebGL target not found
[Package Manager] Server::EnsureServerProcessIsRunning -- launch failed, reason: Unity was launched with the -noUpm command-line argument
[Package Manager] UpmClient::Send -- Unable to send message (not connected to UPM process).
[Package Manager] Cannot connect to Unity Package Manager local server
[Package Manager] Server::EnsureServerProcessIsRunning -- launch failed, reason: Unity was launched with the -noUpm command-line argument
[Package Manager] UpmClient::Send -- Unable to send message (not connected to UPM process).
[Package Manager] Cannot connect to Unity Package Manager local server
Mono: successfully reloaded assembly
[Package Manager] Server::EnsureServerProcessIsRunning -- launch failed, reason: Unity was launched with the -noUpm command-line argument
[Package Manager] UpmClient::Send -- Unable to send message (not connected to UPM process).
[Package Manager] Cannot connect to Unity Package Manager local server
- Finished resetting the current domain, in  0.589 seconds
Domain Reload Profiling: 836ms
	BeginReloadAssembly (101ms)
		ExecutionOrderSort (0ms)
		DisableScriptedObjects (3ms)
		BackupInstance (0ms)
		ReleaseScriptingObjects (0ms)
		CreateAndSetChildDomain (21ms)
	RebuildCommonClasses (30ms)
	RebuildNativeTypeToScriptingClass (8ms)
	initialDomainReloadingComplete (14ms)
	LoadAllAssembliesAndSetupDomain (93ms)
		LoadAssemblies (142ms)
		RebuildTransferFunctionScriptingTraits (0ms)
		AnalyzeDomain (7ms)
			TypeCache.Refresh (4ms)
				TypeCache.ScanAssembly (0ms)
			ScanForSourceGeneratedMonoScriptInfo (0ms)
			ResolveRequiredComponents (2ms)
	FinalizeReload (589ms)
		ReleaseScriptCaches (0ms)
		RebuildScriptCaches (0ms)
		SetupLoadedEditorAssemblies (419ms)
			LogAssemblyErrors (0ms)
			InitializePlatformSupportModulesInManaged (3ms)
			SetLoadedEditorAssemblies (2ms)
			RefreshPlugins (0ms)
			BeforeProcessingInitializeOnLoad (28ms)
			ProcessInitializeOnLoadAttributes (363ms)
			ProcessInitializeOnLoadMethodAttributes (20ms)
			AfterProcessingInitializeOnLoad (2ms)
			EditorAssembliesLoaded (0ms)
		ExecutionOrderSort2 (0ms)
		AwakeInstancesAfterBackupRestoration (5ms)
Refreshing native plugins compatible for Editor in 1.51 ms, found 2 plugins.
Preloading 0 native plugins for Editor in 0.00 ms.
Unloading 1658 Unused Serialized files (Serialized files now loaded: 0)
Unloading 10 unused Assets / (25.9 KB). Loaded Objects now: 2188.
Memory consumption went from 91.9 MB to 91.9 MB.
Total: 2.247200 ms (FindLiveObjects: 0.106900 ms CreateObjectMapping: 0.088400 ms MarkObjects: 2.021900 ms  DeleteObjects: 0.029300 ms)

Prepare: number of updated asset objects reloaded= 0
AssetImportParameters requested are different than current active one (requested -> active):
  custom:video-decoder-webm-vp8: 9c59270c3fd7afecdb556c50c9e8de78 -> 
  custom:SearchIndexIgnoredProperties: e643bd26f0fe6173181afceb89e7c659 -> 
  custom:container-demuxer-ogg: 62fdf1f143b41e24485cea50d1cbac27 -> 
  custom:AudioImporter_EditorPlatform: d09bf68614088b80899f8185d706f6e7 -> 
  custom:video-codec-MediaFoundation-h265: 746d11721c4dcdbdad8f713fa42b33f4 -> 
  custom:video-decoder-ogg-theora: a1e56fd34408186e4bbccfd4996cb3dc -> 
  custom:framework-win-MediaFoundation: 216162199b28c13a410421893ffa2e32 -> 
  custom:scripting/monoscript/fileName/NewBehaviourScript.cs: b21687ddb03d73bd9f0c1daecb9714de -> 
  custom:video-encoder-webm-vp8: eb34c28f22e8b96e1ab97ce403110664 -> 
  custom:audio-decoder-ogg-vorbis: bf7c407c2cedff20999df2af8eb42d56 -> 
  custom:CustomObjectIndexerAttribute: 9a22284fe3817be447336de3de66b15e -> 
  custom:container-demuxer-webm: 4f35f7cbe854078d1ac9338744f61a02 -> 
  custom:scripting/monoscript/fileName/BasicMovement.cs: a880b29f2a71af6c65a37a45b20c49c7 -> 
  custom:audio-encoder-webm-vorbis: bf7c407c2cedff20999df2af8eb42d56 -> 
  custom:scripting/monoscript/fileName/CameraMe.cs: 7c1f197c71b319c626f5e49d4f89eacb -> 
  custom:scripting/precompiled-assembly-types:Assembly-CSharp: 09a88dbd20da33b2423a0e62a49521bc -> 67436ea41a9d3017f292b886f19aa56f
  custom:container-muxer-webm: aa71ff27fc2769a1b78a27578f13a17b -> 
========================================================================
Received Prepare
Caller must complete domain reload
Begin MonoManager ReloadAssembly
- Loaded All Assemblies, in  0.244 seconds
Native extension for WindowsStandalone target not found
Native extension for WebGL target not found
[Package Manager] Server::EnsureServerProcessIsRunning -- launch failed, reason: Unity was launched with the -noUpm command-line argument
[Package Manager] UpmClient::Send -- Unable to send message (not connected to UPM process).
[Package Manager] Cannot connect to Unity Package Manager local server
[Package Manager] Server::EnsureServerProcessIsRunning -- launch failed, reason: Unity was launched with the -noUpm command-line argument
[Package Manager] UpmClient::Send -- Unable to send message (not connected to UPM process).
[Package Manager] Cannot connect to Unity Package Manager local server
Mono: successfully reloaded assembly
[Package Manager] Server::EnsureServerProcessIsRunning -- launch failed, reason: Unity was launched with the -noUpm command-line argument
[Package Manager] UpmClient::Send -- Unable to send message (not connected to UPM process).
[Package Manager] Cannot connect to Unity Package Manager local server
- Finished resetting the current domain, in  0.616 seconds
Domain Reload Profiling: 860ms
	BeginReloadAssembly (102ms)
		ExecutionOrderSort (0ms)
		DisableScriptedObjects (2ms)
		BackupInstance (0ms)
		ReleaseScriptingObjects (0ms)
		CreateAndSetChildDomain (22ms)
	RebuildCommonClasses (21ms)
	RebuildNativeTypeToScriptingClass (7ms)
	initialDomainReloadingComplete (15ms)
	LoadAllAssembliesAndSetupDomain (98ms)
		LoadAssemblies (149ms)
		RebuildTransferFunctionScriptingTraits (0ms)
		AnalyzeDomain (6ms)
			TypeCache.Refresh (3ms)
				TypeCache.ScanAssembly (0ms)
			ScanForSourceGeneratedMonoScriptInfo (0ms)
			ResolveRequiredComponents (2ms)
	FinalizeReload (616ms)
		ReleaseScriptCaches (0ms)
		RebuildScriptCaches (0ms)
		SetupLoadedEditorAssemblies (440ms)
			LogAssemblyErrors (0ms)
			InitializePlatformSupportModulesInManaged (3ms)
			SetLoadedEditorAssemblies (2ms)
			RefreshPlugins (0ms)
			BeforeProcessingInitializeOnLoad (33ms)
			ProcessInitializeOnLoadAttributes (379ms)
			ProcessInitializeOnLoadMethodAttributes (22ms)
			AfterProcessingInitializeOnLoad (1ms)
			EditorAssembliesLoaded (0ms)
		ExecutionOrderSort2 (0ms)
		AwakeInstancesAfterBackupRestoration (5ms)
Refreshing native plugins compatible for Editor in 0.74 ms, found 2 plugins.
Preloading 0 native plugins for Editor in 0.00 ms.
Unloading 1658 Unused Serialized files (Serialized files now loaded: 0)
Unloading 10 unused Assets / (25.9 KB). Loaded Objects now: 2192.
Memory consumption went from 92.0 MB to 91.9 MB.
Total: 2.198800 ms (FindLiveObjects: 0.093100 ms CreateObjectMapping: 0.024100 ms MarkObjects: 2.055800 ms  DeleteObjects: 0.025000 ms)

Prepare: number of updated asset objects reloaded= 0
AssetImportParameters requested are different than current active one (requested -> active):
  custom:video-decoder-webm-vp8: 9c59270c3fd7afecdb556c50c9e8de78 -> 
  custom:SearchIndexIgnoredProperties: e643bd26f0fe6173181afceb89e7c659 -> 
  custom:container-demuxer-ogg: 62fdf1f143b41e24485cea50d1cbac27 -> 
  custom:AudioImporter_EditorPlatform: d09bf68614088b80899f8185d706f6e7 -> 
  custom:video-codec-MediaFoundation-h265: 746d11721c4dcdbdad8f713fa42b33f4 -> 
  custom:video-decoder-ogg-theora: a1e56fd34408186e4bbccfd4996cb3dc -> 
  custom:framework-win-MediaFoundation: 216162199b28c13a410421893ffa2e32 -> 
  custom:scripting/monoscript/fileName/NewBehaviourScript.cs: b21687ddb03d73bd9f0c1daecb9714de -> 
  custom:video-encoder-webm-vp8: eb34c28f22e8b96e1ab97ce403110664 -> 
  custom:audio-decoder-ogg-vorbis: bf7c407c2cedff20999df2af8eb42d56 -> 
  custom:CustomObjectIndexerAttribute: 9a22284fe3817be447336de3de66b15e -> 
  custom:container-demuxer-webm: 4f35f7cbe854078d1ac9338744f61a02 -> 
  custom:scripting/monoscript/fileName/BasicMovement.cs: a880b29f2a71af6c65a37a45b20c49c7 -> 
  custom:audio-encoder-webm-vorbis: bf7c407c2cedff20999df2af8eb42d56 -> 
  custom:scripting/monoscript/fileName/CameraMe.cs: 7c1f197c71b319c626f5e49d4f89eacb -> 
  custom:scripting/precompiled-assembly-types:Assembly-CSharp: 09a88dbd20da33b2423a0e62a49521bc -> 67436ea41a9d3017f292b886f19aa56f
  custom:container-muxer-webm: aa71ff27fc2769a1b78a27578f13a17b -> 
========================================================================
Received Prepare
Caller must complete domain reload
Begin MonoManager ReloadAssembly
- Loaded All Assemblies, in  0.254 seconds
Native extension for WindowsStandalone target not found
Native extension for WebGL target not found
[Package Manager] Server::EnsureServerProcessIsRunning -- launch failed, reason: Unity was launched with the -noUpm command-line argument
[Package Manager] UpmClient::Send -- Unable to send message (not connected to UPM process).
[Package Manager] Cannot connect to Unity Package Manager local server
[Package Manager] Server::EnsureServerProcessIsRunning -- launch failed, reason: Unity was launched with the -noUpm command-line argument
[Package Manager] UpmClient::Send -- Unable to send message (not connected to UPM process).
[Package Manager] Cannot connect to Unity Package Manager local server
Mono: successfully reloaded assembly
[Package Manager] Server::EnsureServerProcessIsRunning -- launch failed, reason: Unity was launched with the -noUpm command-line argument
[Package Manager] UpmClient::Send -- Unable to send message (not connected to UPM process).
[Package Manager] Cannot connect to Unity Package Manager local server
- Finished resetting the current domain, in  0.622 seconds
Domain Reload Profiling: 876ms
	BeginReloadAssembly (100ms)
		ExecutionOrderSort (0ms)
		DisableScriptedObjects (2ms)
		BackupInstance (0ms)
		ReleaseScriptingObjects (0ms)
		CreateAndSetChildDomain (20ms)
	RebuildCommonClasses (27ms)
	RebuildNativeTypeToScriptingClass (7ms)
	initialDomainReloadingComplete (15ms)
	LoadAllAssembliesAndSetupDomain (104ms)
		LoadAssemblies (153ms)
		RebuildTransferFunctionScriptingTraits (0ms)
		AnalyzeDomain (7ms)
			TypeCache.Refresh (4ms)
				TypeCache.ScanAssembly (0ms)
			ScanForSourceGeneratedMonoScriptInfo (0ms)
			ResolveRequiredComponents (3ms)
	FinalizeReload (622ms)
		ReleaseScriptCaches (0ms)
		RebuildScriptCaches (0ms)
		SetupLoadedEditorAssemblies (448ms)
			LogAssemblyErrors (0ms)
			InitializePlatformSupportModulesInManaged (5ms)
			SetLoadedEditorAssemblies (3ms)
			RefreshPlugins (0ms)
			BeforeProcessingInitializeOnLoad (33ms)
			ProcessInitializeOnLoadAttributes (383ms)
			ProcessInitializeOnLoadMethodAttributes (23ms)
			AfterProcessingInitializeOnLoad (2ms)
			EditorAssembliesLoaded (0ms)
		ExecutionOrderSort2 (0ms)
		AwakeInstancesAfterBackupRestoration (6ms)
Refreshing native plugins compatible for Editor in 1.11 ms, found 2 plugins.
Preloading 0 native plugins for Editor in 0.00 ms.
Unloading 1658 Unused Serialized files (Serialized files now loaded: 0)
Unloading 10 unused Assets / (25.9 KB). Loaded Objects now: 2196.
Memory consumption went from 92.0 MB to 91.9 MB.
Total: 2.248700 ms (FindLiveObjects: 0.087600 ms CreateObjectMapping: 0.026300 ms MarkObjects: 2.108800 ms  DeleteObjects: 0.025300 ms)

Prepare: number of updated asset objects reloaded= 0
AssetImportParameters requested are different than current active one (requested -> active):
  custom:video-decoder-webm-vp8: 9c59270c3fd7afecdb556c50c9e8de78 -> 
  custom:SearchIndexIgnoredProperties: e643bd26f0fe6173181afceb89e7c659 -> 
  custom:container-demuxer-ogg: 62fdf1f143b41e24485cea50d1cbac27 -> 
  custom:AudioImporter_EditorPlatform: d09bf68614088b80899f8185d706f6e7 -> 
  custom:video-codec-MediaFoundation-h265: 746d11721c4dcdbdad8f713fa42b33f4 -> 
  custom:video-decoder-ogg-theora: a1e56fd34408186e4bbccfd4996cb3dc -> 
  custom:framework-win-MediaFoundation: 216162199b28c13a410421893ffa2e32 -> 
  custom:scripting/monoscript/fileName/NewBehaviourScript.cs: b21687ddb03d73bd9f0c1daecb9714de -> 
  custom:video-encoder-webm-vp8: eb34c28f22e8b96e1ab97ce403110664 -> 
  custom:audio-decoder-ogg-vorbis: bf7c407c2cedff20999df2af8eb42d56 -> 
  custom:CustomObjectIndexerAttribute: 9a22284fe3817be447336de3de66b15e -> 
  custom:container-demuxer-webm: 4f35f7cbe854078d1ac9338744f61a02 -> 
  custom:scripting/monoscript/fileName/BasicMovement.cs: a880b29f2a71af6c65a37a45b20c49c7 -> 
  custom:audio-encoder-webm-vorbis: bf7c407c2cedff20999df2af8eb42d56 -> 
  custom:scripting/monoscript/fileName/CameraMe.cs: 7c1f197c71b319c626f5e49d4f89eacb -> 
  custom:scripting/precompiled-assembly-types:Assembly-CSharp: 09a88dbd20da33b2423a0e62a49521bc -> 67436ea41a9d3017f292b886f19aa56f
  custom:container-muxer-webm: aa71ff27fc2769a1b78a27578f13a17b -> 
========================================================================
Received Prepare
Caller must complete domain reload
Begin MonoManager ReloadAssembly
- Loaded All Assemblies, in  0.259 seconds
Native extension for WindowsStandalone target not found
Native extension for WebGL target not found
[Package Manager] Server::EnsureServerProcessIsRunning -- launch failed, reason: Unity was launched with the -noUpm command-line argument
[Package Manager] UpmClient::Send -- Unable to send message (not connected to UPM process).
[Package Manager] Cannot connect to Unity Package Manager local server
[Package Manager] Server::EnsureServerProcessIsRunning -- launch failed, reason: Unity was launched with the -noUpm command-line argument
[Package Manager] UpmClient::Send -- Unable to send message (not connected to UPM process).
[Package Manager] Cannot connect to Unity Package Manager local server
Mono: successfully reloaded assembly
[Package Manager] Server::EnsureServerProcessIsRunning -- launch failed, reason: Unity was launched with the -noUpm command-line argument
[Package Manager] UpmClient::Send -- Unable to send message (not connected to UPM process).
[Package Manager] Cannot connect to Unity Package Manager local server
- Finished resetting the current domain, in  0.600 seconds
Domain Reload Profiling: 859ms
	BeginReloadAssembly (105ms)
		ExecutionOrderSort (0ms)
		DisableScriptedObjects (3ms)
		BackupInstance (0ms)
		ReleaseScriptingObjects (0ms)
		CreateAndSetChildDomain (23ms)
	RebuildCommonClasses (20ms)
	RebuildNativeTypeToScriptingClass (10ms)
	initialDomainReloadingComplete (18ms)
	LoadAllAssembliesAndSetupDomain (106ms)
		LoadAssemblies (157ms)
		RebuildTransferFunctionScriptingTraits (0ms)
		AnalyzeDomain (5ms)
			TypeCache.Refresh (3ms)
				TypeCache.ScanAssembly (0ms)
			ScanForSourceGeneratedMonoScriptInfo (0ms)
			ResolveRequiredComponents (2ms)
	FinalizeReload (600ms)
		ReleaseScriptCaches (0ms)
		RebuildScriptCaches (0ms)
		SetupLoadedEditorAssemblies (419ms)
			LogAssemblyErrors (0ms)
			InitializePlatformSupportModulesInManaged (3ms)
			SetLoadedEditorAssemblies (2ms)
			RefreshPlugins (0ms)
			BeforeProcessingInitializeOnLoad (33ms)
			ProcessInitializeOnLoadAttributes (359ms)
			ProcessInitializeOnLoadMethodAttributes (21ms)
			AfterProcessingInitializeOnLoad (1ms)
			EditorAssembliesLoaded (0ms)
		ExecutionOrderSort2 (0ms)
		AwakeInstancesAfterBackupRestoration (4ms)
Refreshing native plugins compatible for Editor in 1.29 ms, found 2 plugins.
Preloading 0 native plugins for Editor in 0.00 ms.
Unloading 1658 Unused Serialized files (Serialized files now loaded: 0)
Unloading 10 unused Assets / (26.0 KB). Loaded Objects now: 2200.
Memory consumption went from 92.0 MB to 91.9 MB.
Total: 2.296200 ms (FindLiveObjects: 0.130100 ms CreateObjectMapping: 0.033400 ms MarkObjects: 2.071800 ms  DeleteObjects: 0.059900 ms)

Prepare: number of updated asset objects reloaded= 0
AssetImportParameters requested are different than current active one (requested -> active):
  custom:video-decoder-webm-vp8: 9c59270c3fd7afecdb556c50c9e8de78 -> 
  custom:SearchIndexIgnoredProperties: e643bd26f0fe6173181afceb89e7c659 -> 
  custom:container-demuxer-ogg: 62fdf1f143b41e24485cea50d1cbac27 -> 
  custom:AudioImporter_EditorPlatform: d09bf68614088b80899f8185d706f6e7 -> 
  custom:video-codec-MediaFoundation-h265: 746d11721c4dcdbdad8f713fa42b33f4 -> 
  custom:video-decoder-ogg-theora: a1e56fd34408186e4bbccfd4996cb3dc -> 
  custom:framework-win-MediaFoundation: 216162199b28c13a410421893ffa2e32 -> 
  custom:scripting/monoscript/fileName/NewBehaviourScript.cs: b21687ddb03d73bd9f0c1daecb9714de -> 
  custom:video-encoder-webm-vp8: eb34c28f22e8b96e1ab97ce403110664 -> 
  custom:audio-decoder-ogg-vorbis: bf7c407c2cedff20999df2af8eb42d56 -> 
  custom:CustomObjectIndexerAttribute: 9a22284fe3817be447336de3de66b15e -> 
  custom:container-demuxer-webm: 4f35f7cbe854078d1ac9338744f61a02 -> 
  custom:scripting/monoscript/fileName/BasicMovement.cs: a880b29f2a71af6c65a37a45b20c49c7 -> 
  custom:audio-encoder-webm-vorbis: bf7c407c2cedff20999df2af8eb42d56 -> 
  custom:scripting/monoscript/fileName/CameraMe.cs: 7c1f197c71b319c626f5e49d4f89eacb -> 
  custom:scripting/precompiled-assembly-types:Assembly-CSharp: 09a88dbd20da33b2423a0e62a49521bc -> 67436ea41a9d3017f292b886f19aa56f
  custom:container-muxer-webm: aa71ff27fc2769a1b78a27578f13a17b -> 
========================================================================
Received Prepare
Caller must complete domain reload
Begin MonoManager ReloadAssembly
- Loaded All Assemblies, in  0.317 seconds
Native extension for WindowsStandalone target not found
Native extension for WebGL target not found
[Package Manager] Server::EnsureServerProcessIsRunning -- launch failed, reason: Unity was launched with the -noUpm command-line argument
[Package Manager] UpmClient::Send -- Unable to send message (not connected to UPM process).
[Package Manager] Cannot connect to Unity Package Manager local server
[Package Manager] Server::EnsureServerProcessIsRunning -- launch failed, reason: Unity was launched with the -noUpm command-line argument
[Package Manager] UpmClient::Send -- Unable to send message (not connected to UPM process).
[Package Manager] Cannot connect to Unity Package Manager local server
Mono: successfully reloaded assembly
[Package Manager] Server::EnsureServerProcessIsRunning -- launch failed, reason: Unity was launched with the -noUpm command-line argument
[Package Manager] UpmClient::Send -- Unable to send message (not connected to UPM process).
[Package Manager] Cannot connect to Unity Package Manager local server
- Finished resetting the current domain, in  0.718 seconds
Domain Reload Profiling: 1035ms
	BeginReloadAssembly (132ms)
		ExecutionOrderSort (0ms)
		DisableScriptedObjects (3ms)
		BackupInstance (0ms)
		ReleaseScriptingObjects (0ms)
		CreateAndSetChildDomain (26ms)
	RebuildCommonClasses (29ms)
	RebuildNativeTypeToScriptingClass (13ms)
	initialDomainReloadingComplete (19ms)
	LoadAllAssembliesAndSetupDomain (125ms)
		LoadAssemblies (180ms)
		RebuildTransferFunctionScriptingTraits (0ms)
		AnalyzeDomain (19ms)
			TypeCache.Refresh (6ms)
				TypeCache.ScanAssembly (0ms)
			ScanForSourceGeneratedMonoScriptInfo (9ms)
			ResolveRequiredComponents (3ms)
	FinalizeReload (718ms)
		ReleaseScriptCaches (0ms)
		RebuildScriptCaches (0ms)
		SetupLoadedEditorAssemblies (522ms)
			LogAssemblyErrors (0ms)
			InitializePlatformSupportModulesInManaged (5ms)
			SetLoadedEditorAssemblies (2ms)
			RefreshPlugins (0ms)
			BeforeProcessingInitializeOnLoad (36ms)
			ProcessInitializeOnLoadAttributes (461ms)
			ProcessInitializeOnLoadMethodAttributes (17ms)
			AfterProcessingInitializeOnLoad (1ms)
			EditorAssembliesLoaded (0ms)
		ExecutionOrderSort2 (0ms)
		AwakeInstancesAfterBackupRestoration (5ms)
Refreshing native plugins compatible for Editor in 0.90 ms, found 2 plugins.
Preloading 0 native plugins for Editor in 0.00 ms.
Unloading 1659 Unused Serialized files (Serialized files now loaded: 0)
Unloading 10 unused Assets / (25.9 KB). Loaded Objects now: 2205.
Memory consumption went from 92.0 MB to 92.0 MB.
Total: 3.016900 ms (FindLiveObjects: 0.123600 ms CreateObjectMapping: 0.057900 ms MarkObjects: 2.789100 ms  DeleteObjects: 0.045600 ms)

Prepare: number of updated asset objects reloaded= 0
AssetImportParameters requested are different than current active one (requested -> active):
  custom:video-decoder-webm-vp8: 9c59270c3fd7afecdb556c50c9e8de78 -> 
  custom:SearchIndexIgnoredProperties: e643bd26f0fe6173181afceb89e7c659 -> 
  custom:container-demuxer-ogg: 62fdf1f143b41e24485cea50d1cbac27 -> 
  custom:AudioImporter_EditorPlatform: d09bf68614088b80899f8185d706f6e7 -> 
  custom:video-codec-MediaFoundation-h265: 746d11721c4dcdbdad8f713fa42b33f4 -> 
  custom:video-decoder-ogg-theora: a1e56fd34408186e4bbccfd4996cb3dc -> 
  custom:framework-win-MediaFoundation: 216162199b28c13a410421893ffa2e32 -> 
  custom:scripting/monoscript/fileName/NewBehaviourScript.cs: b21687ddb03d73bd9f0c1daecb9714de -> 
  custom:video-encoder-webm-vp8: eb34c28f22e8b96e1ab97ce403110664 -> 
  custom:audio-decoder-ogg-vorbis: bf7c407c2cedff20999df2af8eb42d56 -> 
  custom:CustomObjectIndexerAttribute: 9a22284fe3817be447336de3de66b15e -> 
  custom:container-demuxer-webm: 4f35f7cbe854078d1ac9338744f61a02 -> 
  custom:scripting/monoscript/fileName/BasicMovement.cs: a880b29f2a71af6c65a37a45b20c49c7 -> 
  custom:audio-encoder-webm-vorbis: bf7c407c2cedff20999df2af8eb42d56 -> 
  custom:scripting/monoscript/fileName/CameraMe.cs: 7c1f197c71b319c626f5e49d4f89eacb -> 
  custom:scripting/precompiled-assembly-types:Assembly-CSharp: f43300a1f85c288a455a4335106ca536 -> 67436ea41a9d3017f292b886f19aa56f
  custom:container-muxer-webm: aa71ff27fc2769a1b78a27578f13a17b -> 
========================================================================
Received Import Request.
  Time since last request: 276.675541 seconds.
  path: Assets/scripts/Test/CameraFollow.cs
  artifactKey: Guid(201850d4612ef244fbc48a494579d1a5) Importer(815301076,1909f56bfc062723c751e8b465ee728b)
Start importing Assets/scripts/Test/CameraFollow.cs using Guid(201850d4612ef244fbc48a494579d1a5) Importer(815301076,1909f56bfc062723c751e8b465ee728b) [PhysX] Initialized MultithreadedTaskDispatcher with 16 workers.
 -> (artifact id: '24afd8a443c2bced1145c955a7d1ea65') in 0.005139 seconds
Number of updated asset objects reloaded before import = 0
Number of asset objects unloaded after import = 0
========================================================================
Received Prepare
Caller must complete domain reload
Begin MonoManager ReloadAssembly
- Loaded All Assemblies, in  0.252 seconds
Native extension for WindowsStandalone target not found
Native extension for WebGL target not found
[Package Manager] Server::EnsureServerProcessIsRunning -- launch failed, reason: Unity was launched with the -noUpm command-line argument
[Package Manager] UpmClient::Send -- Unable to send message (not connected to UPM process).
[Package Manager] Cannot connect to Unity Package Manager local server
[Package Manager] Server::EnsureServerProcessIsRunning -- launch failed, reason: Unity was launched with the -noUpm command-line argument
[Package Manager] UpmClient::Send -- Unable to send message (not connected to UPM process).
[Package Manager] Cannot connect to Unity Package Manager local server
Mono: successfully reloaded assembly
[Package Manager] Server::EnsureServerProcessIsRunning -- launch failed, reason: Unity was launched with the -noUpm command-line argument
[Package Manager] UpmClient::Send -- Unable to send message (not connected to UPM process).
[Package Manager] Cannot connect to Unity Package Manager local server
- Finished resetting the current domain, in  0.602 seconds
Domain Reload Profiling: 853ms
	BeginReloadAssembly (106ms)
		ExecutionOrderSort (0ms)
		DisableScriptedObjects (2ms)
		BackupInstance (0ms)
		ReleaseScriptingObjects (0ms)
		CreateAndSetChildDomain (23ms)
	RebuildCommonClasses (26ms)
	RebuildNativeTypeToScriptingClass (8ms)
	initialDomainReloadingComplete (14ms)
	LoadAllAssembliesAndSetupDomain (96ms)
		LoadAssemblies (144ms)
		RebuildTransferFunctionScriptingTraits (0ms)
		AnalyzeDomain (12ms)
			TypeCache.Refresh (5ms)
				TypeCache.ScanAssembly (0ms)
			ScanForSourceGeneratedMonoScriptInfo (5ms)
			ResolveRequiredComponents (2ms)
	FinalizeReload (602ms)
		ReleaseScriptCaches (0ms)
		RebuildScriptCaches (0ms)
		SetupLoadedEditorAssemblies (419ms)
			LogAssemblyErrors (0ms)
			InitializePlatformSupportModulesInManaged (4ms)
			SetLoadedEditorAssemblies (2ms)
			RefreshPlugins (0ms)
			BeforeProcessingInitializeOnLoad (27ms)
			ProcessInitializeOnLoadAttributes (365ms)
			ProcessInitializeOnLoadMethodAttributes (19ms)
			AfterProcessingInitializeOnLoad (2ms)
			EditorAssembliesLoaded (0ms)
		ExecutionOrderSort2 (0ms)
		AwakeInstancesAfterBackupRestoration (5ms)
Refreshing native plugins compatible for Editor in 0.71 ms, found 2 plugins.
Preloading 0 native plugins for Editor in 0.00 ms.
Unloading 1658 Unused Serialized files (Serialized files now loaded: 0)
Unloading 10 unused Assets / (25.9 KB). Loaded Objects now: 2209.
Memory consumption went from 91.7 MB to 91.7 MB.
Total: 2.078800 ms (FindLiveObjects: 0.089200 ms CreateObjectMapping: 0.023400 ms MarkObjects: 1.940500 ms  DeleteObjects: 0.025000 ms)

Prepare: number of updated asset objects reloaded= 0
AssetImportParameters requested are different than current active one (requested -> active):
  custom:video-decoder-webm-vp8: 9c59270c3fd7afecdb556c50c9e8de78 -> 
  custom:SearchIndexIgnoredProperties: e643bd26f0fe6173181afceb89e7c659 -> 
  custom:container-demuxer-ogg: 62fdf1f143b41e24485cea50d1cbac27 -> 
  custom:AudioImporter_EditorPlatform: d09bf68614088b80899f8185d706f6e7 -> 
  custom:video-codec-MediaFoundation-h265: 746d11721c4dcdbdad8f713fa42b33f4 -> 
  custom:video-decoder-ogg-theora: a1e56fd34408186e4bbccfd4996cb3dc -> 
  custom:framework-win-MediaFoundation: 216162199b28c13a410421893ffa2e32 -> 
  custom:scripting/monoscript/fileName/NewBehaviourScript.cs: b21687ddb03d73bd9f0c1daecb9714de -> 
  custom:video-encoder-webm-vp8: eb34c28f22e8b96e1ab97ce403110664 -> 
  custom:audio-decoder-ogg-vorbis: bf7c407c2cedff20999df2af8eb42d56 -> 
  custom:CustomObjectIndexerAttribute: 9a22284fe3817be447336de3de66b15e -> 
  custom:container-demuxer-webm: 4f35f7cbe854078d1ac9338744f61a02 -> 
  custom:scripting/monoscript/fileName/BasicMovement.cs: a880b29f2a71af6c65a37a45b20c49c7 -> 
  custom:audio-encoder-webm-vorbis: bf7c407c2cedff20999df2af8eb42d56 -> 
  custom:scripting/monoscript/fileName/CameraMe.cs: 7c1f197c71b319c626f5e49d4f89eacb -> 
  custom:scripting/monoscript/fileName/CameraFollow.cs: b21687ddb03d73bd9f0c1daecb9714de -> 
  custom:scripting/precompiled-assembly-types:Assembly-CSharp: 338c5c32d3fd470988a2d2275369f7cf -> 67436ea41a9d3017f292b886f19aa56f
  custom:container-muxer-webm: aa71ff27fc2769a1b78a27578f13a17b -> 
========================================================================
Received Import Request.
  Time since last request: 3.742901 seconds.
  path: Assets/scripts/Test/CameraFollow.cs
  artifactKey: Guid(201850d4612ef244fbc48a494579d1a5) Importer(815301076,1909f56bfc062723c751e8b465ee728b)
Start importing Assets/scripts/Test/CameraFollow.cs using Guid(201850d4612ef244fbc48a494579d1a5) Importer(815301076,1909f56bfc062723c751e8b465ee728b) [PhysX] Initialized MultithreadedTaskDispatcher with 16 workers.
 -> (artifact id: '07d1419b59b4b5b547199ee6cd0edb03') in 0.001500 seconds
Number of updated asset objects reloaded before import = 0
Number of asset objects unloaded after import = 0
========================================================================
Received Import Request.
  Time since last request: 3.098184 seconds.
  path: Assets/scripts/Test/CameraFollow.cs
  artifactKey: Guid(201850d4612ef244fbc48a494579d1a5) Importer(815301076,1909f56bfc062723c751e8b465ee728b)
Start importing Assets/scripts/Test/CameraFollow.cs using Guid(201850d4612ef244fbc48a494579d1a5) Importer(815301076,1909f56bfc062723c751e8b465ee728b) [PhysX] Initialized MultithreadedTaskDispatcher with 16 workers.
 -> (artifact id: '1e124228438b6c9b62f2b439ff8df279') in 0.000439 seconds
Number of updated asset objects reloaded before import = 0
Number of asset objects unloaded after import = 0
========================================================================
Received Prepare
Caller must complete domain reload
Begin MonoManager ReloadAssembly
- Loaded All Assemblies, in  0.265 seconds
Native extension for WindowsStandalone target not found
Native extension for WebGL target not found
[Package Manager] Server::EnsureServerProcessIsRunning -- launch failed, reason: Unity was launched with the -noUpm command-line argument
[Package Manager] UpmClient::Send -- Unable to send message (not connected to UPM process).
[Package Manager] Cannot connect to Unity Package Manager local server
[Package Manager] Server::EnsureServerProcessIsRunning -- launch failed, reason: Unity was launched with the -noUpm command-line argument
[Package Manager] UpmClient::Send -- Unable to send message (not connected to UPM process).
[Package Manager] Cannot connect to Unity Package Manager local server
Mono: successfully reloaded assembly
[Package Manager] Server::EnsureServerProcessIsRunning -- launch failed, reason: Unity was launched with the -noUpm command-line argument
[Package Manager] UpmClient::Send -- Unable to send message (not connected to UPM process).
[Package Manager] Cannot connect to Unity Package Manager local server
- Finished resetting the current domain, in  0.653 seconds
Domain Reload Profiling: 918ms
	BeginReloadAssembly (105ms)
		ExecutionOrderSort (0ms)
		DisableScriptedObjects (4ms)
		BackupInstance (0ms)
		ReleaseScriptingObjects (0ms)
		CreateAndSetChildDomain (25ms)
	RebuildCommonClasses (27ms)
	RebuildNativeTypeToScriptingClass (9ms)
	initialDomainReloadingComplete (19ms)
	LoadAllAssembliesAndSetupDomain (104ms)
		LoadAssemblies (144ms)
		RebuildTransferFunctionScriptingTraits (0ms)
		AnalyzeDomain (16ms)
			TypeCache.Refresh (6ms)
				TypeCache.ScanAssembly (0ms)
			ScanForSourceGeneratedMonoScriptInfo (7ms)
			ResolveRequiredComponents (2ms)
	FinalizeReload (653ms)
		ReleaseScriptCaches (0ms)
		RebuildScriptCaches (0ms)
		SetupLoadedEditorAssemblies (457ms)
			LogAssemblyErrors (0ms)
			InitializePlatformSupportModulesInManaged (5ms)
			SetLoadedEditorAssemblies (2ms)
			RefreshPlugins (0ms)
			BeforeProcessingInitializeOnLoad (34ms)
			ProcessInitializeOnLoadAttributes (393ms)
			ProcessInitializeOnLoadMethodAttributes (21ms)
			AfterProcessingInitializeOnLoad (2ms)
			EditorAssembliesLoaded (0ms)
		ExecutionOrderSort2 (0ms)
		AwakeInstancesAfterBackupRestoration (7ms)
Refreshing native plugins compatible for Editor in 0.76 ms, found 2 plugins.
Preloading 0 native plugins for Editor in 0.00 ms.
Unloading 1658 Unused Serialized files (Serialized files now loaded: 0)
Unloading 10 unused Assets / (25.9 KB). Loaded Objects now: 2213.
Memory consumption went from 91.7 MB to 91.7 MB.
Total: 2.221800 ms (FindLiveObjects: 0.103500 ms CreateObjectMapping: 0.039200 ms MarkObjects: 2.053600 ms  DeleteObjects: 0.024600 ms)

Prepare: number of updated asset objects reloaded= 0
AssetImportParameters requested are different than current active one (requested -> active):
  custom:video-decoder-webm-vp8: 9c59270c3fd7afecdb556c50c9e8de78 -> 
  custom:SearchIndexIgnoredProperties: e643bd26f0fe6173181afceb89e7c659 -> 
  custom:container-demuxer-ogg: 62fdf1f143b41e24485cea50d1cbac27 -> 
  custom:AudioImporter_EditorPlatform: d09bf68614088b80899f8185d706f6e7 -> 
  custom:video-codec-MediaFoundation-h265: 746d11721c4dcdbdad8f713fa42b33f4 -> 
  custom:video-decoder-ogg-theora: a1e56fd34408186e4bbccfd4996cb3dc -> 
  custom:framework-win-MediaFoundation: 216162199b28c13a410421893ffa2e32 -> 
  custom:scripting/monoscript/fileName/NewBehaviourScript.cs: b21687ddb03d73bd9f0c1daecb9714de -> 
  custom:video-encoder-webm-vp8: eb34c28f22e8b96e1ab97ce403110664 -> 
  custom:audio-decoder-ogg-vorbis: bf7c407c2cedff20999df2af8eb42d56 -> 
  custom:CustomObjectIndexerAttribute: 9a22284fe3817be447336de3de66b15e -> 
  custom:container-demuxer-webm: 4f35f7cbe854078d1ac9338744f61a02 -> 
  custom:scripting/monoscript/fileName/BasicMovement.cs: a880b29f2a71af6c65a37a45b20c49c7 -> 
  custom:audio-encoder-webm-vorbis: bf7c407c2cedff20999df2af8eb42d56 -> 
  custom:scripting/monoscript/fileName/CameraMe.cs: 7c1f197c71b319c626f5e49d4f89eacb -> 
  custom:scripting/monoscript/fileName/CameraFollow.cs: de990732cc429467f8f49571d0872163 -> 
  custom:scripting/precompiled-assembly-types:Assembly-CSharp: eaca92c3b670a8148fe72fbcf5d47eac -> 67436ea41a9d3017f292b886f19aa56f
  custom:container-muxer-webm: aa71ff27fc2769a1b78a27578f13a17b -> 
========================================================================
Received Prepare
Caller must complete domain reload
Begin MonoManager ReloadAssembly
- Loaded All Assemblies, in  0.294 seconds
Native extension for WindowsStandalone target not found
Native extension for WebGL target not found
[Package Manager] Server::EnsureServerProcessIsRunning -- launch failed, reason: Unity was launched with the -noUpm command-line argument
[Package Manager] UpmClient::Send -- Unable to send message (not connected to UPM process).
[Package Manager] Cannot connect to Unity Package Manager local server
[Package Manager] Server::EnsureServerProcessIsRunning -- launch failed, reason: Unity was launched with the -noUpm command-line argument
[Package Manager] UpmClient::Send -- Unable to send message (not connected to UPM process).
[Package Manager] Cannot connect to Unity Package Manager local server
Mono: successfully reloaded assembly
[Package Manager] Server::EnsureServerProcessIsRunning -- launch failed, reason: Unity was launched with the -noUpm command-line argument
[Package Manager] UpmClient::Send -- Unable to send message (not connected to UPM process).
[Package Manager] Cannot connect to Unity Package Manager local server
- Finished resetting the current domain, in  0.642 seconds
Domain Reload Profiling: 936ms
	BeginReloadAssembly (121ms)
		ExecutionOrderSort (0ms)
		DisableScriptedObjects (4ms)
		BackupInstance (0ms)
		ReleaseScriptingObjects (0ms)
		CreateAndSetChildDomain (26ms)
	RebuildCommonClasses (33ms)
	RebuildNativeTypeToScriptingClass (15ms)
	initialDomainReloadingComplete (22ms)
	LoadAllAssembliesAndSetupDomain (102ms)
		LoadAssemblies (164ms)
		RebuildTransferFunctionScriptingTraits (0ms)
		AnalyzeDomain (6ms)
			TypeCache.Refresh (3ms)
				TypeCache.ScanAssembly (0ms)
			ScanForSourceGeneratedMonoScriptInfo (0ms)
			ResolveRequiredComponents (2ms)
	FinalizeReload (642ms)
		ReleaseScriptCaches (0ms)
		RebuildScriptCaches (0ms)
		SetupLoadedEditorAssemblies (454ms)
			LogAssemblyErrors (0ms)
			InitializePlatformSupportModulesInManaged (4ms)
			SetLoadedEditorAssemblies (2ms)
			RefreshPlugins (0ms)
			BeforeProcessingInitializeOnLoad (37ms)
			ProcessInitializeOnLoadAttributes (390ms)
			ProcessInitializeOnLoadMethodAttributes (19ms)
			AfterProcessingInitializeOnLoad (1ms)
			EditorAssembliesLoaded (0ms)
		ExecutionOrderSort2 (0ms)
		AwakeInstancesAfterBackupRestoration (6ms)
Refreshing native plugins compatible for Editor in 0.79 ms, found 2 plugins.
Preloading 0 native plugins for Editor in 0.00 ms.
Unloading 1659 Unused Serialized files (Serialized files now loaded: 0)
Unloading 10 unused Assets / (25.9 KB). Loaded Objects now: 2217.
Memory consumption went from 92.0 MB to 92.0 MB.
Total: 1.964500 ms (FindLiveObjects: 0.076200 ms CreateObjectMapping: 0.023800 ms MarkObjects: 1.840100 ms  DeleteObjects: 0.023900 ms)

Prepare: number of updated asset objects reloaded= 0
AssetImportParameters requested are different than current active one (requested -> active):
  custom:video-decoder-webm-vp8: 9c59270c3fd7afecdb556c50c9e8de78 -> 
  custom:SearchIndexIgnoredProperties: e643bd26f0fe6173181afceb89e7c659 -> 
  custom:container-demuxer-ogg: 62fdf1f143b41e24485cea50d1cbac27 -> 
  custom:AudioImporter_EditorPlatform: d09bf68614088b80899f8185d706f6e7 -> 
  custom:video-codec-MediaFoundation-h265: 746d11721c4dcdbdad8f713fa42b33f4 -> 
  custom:video-decoder-ogg-theora: a1e56fd34408186e4bbccfd4996cb3dc -> 
  custom:framework-win-MediaFoundation: 216162199b28c13a410421893ffa2e32 -> 
  custom:scripting/monoscript/fileName/NewBehaviourScript.cs: b21687ddb03d73bd9f0c1daecb9714de -> 
  custom:video-encoder-webm-vp8: eb34c28f22e8b96e1ab97ce403110664 -> 
  custom:audio-decoder-ogg-vorbis: bf7c407c2cedff20999df2af8eb42d56 -> 
  custom:CustomObjectIndexerAttribute: 9a22284fe3817be447336de3de66b15e -> 
  custom:container-demuxer-webm: 4f35f7cbe854078d1ac9338744f61a02 -> 
  custom:scripting/monoscript/fileName/BasicMovement.cs: a880b29f2a71af6c65a37a45b20c49c7 -> 
  custom:audio-encoder-webm-vorbis: bf7c407c2cedff20999df2af8eb42d56 -> 
  custom:scripting/monoscript/fileName/CameraMe.cs: 7c1f197c71b319c626f5e49d4f89eacb -> 
  custom:scripting/monoscript/fileName/CameraFollow.cs: de990732cc429467f8f49571d0872163 -> 
  custom:scripting/precompiled-assembly-types:Assembly-CSharp: eaca92c3b670a8148fe72fbcf5d47eac -> 67436ea41a9d3017f292b886f19aa56f
  custom:container-muxer-webm: aa71ff27fc2769a1b78a27578f13a17b -> 
========================================================================
Received Prepare
Caller must complete domain reload
Begin MonoManager ReloadAssembly
- Loaded All Assemblies, in  0.302 seconds
Native extension for WindowsStandalone target not found
Native extension for WebGL target not found
[Package Manager] Server::EnsureServerProcessIsRunning -- launch failed, reason: Unity was launched with the -noUpm command-line argument
[Package Manager] UpmClient::Send -- Unable to send message (not connected to UPM process).
[Package Manager] Cannot connect to Unity Package Manager local server
[Package Manager] Server::EnsureServerProcessIsRunning -- launch failed, reason: Unity was launched with the -noUpm command-line argument
[Package Manager] UpmClient::Send -- Unable to send message (not connected to UPM process).
[Package Manager] Cannot connect to Unity Package Manager local server
Mono: successfully reloaded assembly
[Package Manager] Server::EnsureServerProcessIsRunning -- launch failed, reason: Unity was launched with the -noUpm command-line argument
[Package Manager] UpmClient::Send -- Unable to send message (not connected to UPM process).
[Package Manager] Cannot connect to Unity Package Manager local server
- Finished resetting the current domain, in  0.705 seconds
Domain Reload Profiling: 1006ms
	BeginReloadAssembly (123ms)
		ExecutionOrderSort (0ms)
		DisableScriptedObjects (3ms)
		BackupInstance (0ms)
		ReleaseScriptingObjects (0ms)
		CreateAndSetChildDomain (22ms)
	RebuildCommonClasses (40ms)
	RebuildNativeTypeToScriptingClass (9ms)
	initialDomainReloadingComplete (21ms)
	LoadAllAssembliesAndSetupDomain (107ms)
		LoadAssemblies (171ms)
		RebuildTransferFunctionScriptingTraits (0ms)
		AnalyzeDomain (9ms)
			TypeCache.Refresh (5ms)
				TypeCache.ScanAssembly (0ms)
			ScanForSourceGeneratedMonoScriptInfo (0ms)
			ResolveRequiredComponents (3ms)
	FinalizeReload (705ms)
		ReleaseScriptCaches (0ms)
		RebuildScriptCaches (0ms)
		SetupLoadedEditorAssemblies (492ms)
			LogAssemblyErrors (0ms)
			InitializePlatformSupportModulesInManaged (4ms)
			SetLoadedEditorAssemblies (2ms)
			RefreshPlugins (0ms)
			BeforeProcessingInitializeOnLoad (41ms)
			ProcessInitializeOnLoadAttributes (427ms)
			ProcessInitializeOnLoadMethodAttributes (16ms)
			AfterProcessingInitializeOnLoad (2ms)
			EditorAssembliesLoaded (0ms)
		ExecutionOrderSort2 (0ms)
		AwakeInstancesAfterBackupRestoration (6ms)
Refreshing native plugins compatible for Editor in 0.95 ms, found 2 plugins.
Preloading 0 native plugins for Editor in 0.00 ms.
Unloading 1659 Unused Serialized files (Serialized files now loaded: 0)
Unloading 10 unused Assets / (25.9 KB). Loaded Objects now: 2221.
Memory consumption went from 92.0 MB to 92.0 MB.
Total: 2.280200 ms (FindLiveObjects: 0.081600 ms CreateObjectMapping: 0.022800 ms MarkObjects: 2.149400 ms  DeleteObjects: 0.025900 ms)

Prepare: number of updated asset objects reloaded= 0
AssetImportParameters requested are different than current active one (requested -> active):
  custom:video-decoder-webm-vp8: 9c59270c3fd7afecdb556c50c9e8de78 -> 
  custom:SearchIndexIgnoredProperties: e643bd26f0fe6173181afceb89e7c659 -> 
  custom:container-demuxer-ogg: 62fdf1f143b41e24485cea50d1cbac27 -> 
  custom:AudioImporter_EditorPlatform: d09bf68614088b80899f8185d706f6e7 -> 
  custom:video-codec-MediaFoundation-h265: 746d11721c4dcdbdad8f713fa42b33f4 -> 
  custom:video-decoder-ogg-theora: a1e56fd34408186e4bbccfd4996cb3dc -> 
  custom:framework-win-MediaFoundation: 216162199b28c13a410421893ffa2e32 -> 
  custom:scripting/monoscript/fileName/NewBehaviourScript.cs: b21687ddb03d73bd9f0c1daecb9714de -> 
  custom:video-encoder-webm-vp8: eb34c28f22e8b96e1ab97ce403110664 -> 
  custom:audio-decoder-ogg-vorbis: bf7c407c2cedff20999df2af8eb42d56 -> 
  custom:CustomObjectIndexerAttribute: 9a22284fe3817be447336de3de66b15e -> 
  custom:container-demuxer-webm: 4f35f7cbe854078d1ac9338744f61a02 -> 
  custom:scripting/monoscript/fileName/BasicMovement.cs: a880b29f2a71af6c65a37a45b20c49c7 -> 
  custom:audio-encoder-webm-vorbis: bf7c407c2cedff20999df2af8eb42d56 -> 
  custom:scripting/monoscript/fileName/CameraMe.cs: 7c1f197c71b319c626f5e49d4f89eacb -> 
  custom:scripting/monoscript/fileName/CameraFollow.cs: de990732cc429467f8f49571d0872163 -> 
  custom:scripting/precompiled-assembly-types:Assembly-CSharp: eaca92c3b670a8148fe72fbcf5d47eac -> 67436ea41a9d3017f292b886f19aa56f
  custom:container-muxer-webm: aa71ff27fc2769a1b78a27578f13a17b -> 
========================================================================
Received Prepare
Caller must complete domain reload
Begin MonoManager ReloadAssembly
- Loaded All Assemblies, in  0.248 seconds
Native extension for WindowsStandalone target not found
Native extension for WebGL target not found
[Package Manager] Server::EnsureServerProcessIsRunning -- launch failed, reason: Unity was launched with the -noUpm command-line argument
[Package Manager] UpmClient::Send -- Unable to send message (not connected to UPM process).
[Package Manager] Cannot connect to Unity Package Manager local server
[Package Manager] Server::EnsureServerProcessIsRunning -- launch failed, reason: Unity was launched with the -noUpm command-line argument
[Package Manager] UpmClient::Send -- Unable to send message (not connected to UPM process).
[Package Manager] Cannot connect to Unity Package Manager local server
Mono: successfully reloaded assembly
[Package Manager] Server::EnsureServerProcessIsRunning -- launch failed, reason: Unity was launched with the -noUpm command-line argument
[Package Manager] UpmClient::Send -- Unable to send message (not connected to UPM process).
[Package Manager] Cannot connect to Unity Package Manager local server
- Finished resetting the current domain, in  0.604 seconds
Domain Reload Profiling: 852ms
	BeginReloadAssembly (106ms)
		ExecutionOrderSort (0ms)
		DisableScriptedObjects (2ms)
		BackupInstance (0ms)
		ReleaseScriptingObjects (0ms)
		CreateAndSetChildDomain (24ms)
	RebuildCommonClasses (21ms)
	RebuildNativeTypeToScriptingClass (7ms)
	initialDomainReloadingComplete (17ms)
	LoadAllAssembliesAndSetupDomain (97ms)
		LoadAssemblies (147ms)
		RebuildTransferFunctionScriptingTraits (0ms)
		AnalyzeDomain (8ms)
			TypeCache.Refresh (4ms)
				TypeCache.ScanAssembly (0ms)
			ScanForSourceGeneratedMonoScriptInfo (0ms)
			ResolveRequiredComponents (3ms)
	FinalizeReload (604ms)
		ReleaseScriptCaches (0ms)
		RebuildScriptCaches (0ms)
		SetupLoadedEditorAssemblies (421ms)
			LogAssemblyErrors (0ms)
			InitializePlatformSupportModulesInManaged (4ms)
			SetLoadedEditorAssemblies (2ms)
			RefreshPlugins (0ms)
			BeforeProcessingInitializeOnLoad (27ms)
			ProcessInitializeOnLoadAttributes (364ms)
			ProcessInitializeOnLoadMethodAttributes (22ms)
			AfterProcessingInitializeOnLoad (2ms)
			EditorAssembliesLoaded (0ms)
		ExecutionOrderSort2 (0ms)
		AwakeInstancesAfterBackupRestoration (6ms)
Refreshing native plugins compatible for Editor in 1.12 ms, found 2 plugins.
Preloading 0 native plugins for Editor in 0.00 ms.
Unloading 1659 Unused Serialized files (Serialized files now loaded: 0)
Unloading 10 unused Assets / (25.9 KB). Loaded Objects now: 2225.
Memory consumption went from 92.0 MB to 92.0 MB.
Total: 2.933800 ms (FindLiveObjects: 0.100500 ms CreateObjectMapping: 0.031400 ms MarkObjects: 2.765600 ms  DeleteObjects: 0.035100 ms)

Prepare: number of updated asset objects reloaded= 0
AssetImportParameters requested are different than current active one (requested -> active):
  custom:video-decoder-webm-vp8: 9c59270c3fd7afecdb556c50c9e8de78 -> 
  custom:SearchIndexIgnoredProperties: e643bd26f0fe6173181afceb89e7c659 -> 
  custom:container-demuxer-ogg: 62fdf1f143b41e24485cea50d1cbac27 -> 
  custom:AudioImporter_EditorPlatform: d09bf68614088b80899f8185d706f6e7 -> 
  custom:video-codec-MediaFoundation-h265: 746d11721c4dcdbdad8f713fa42b33f4 -> 
  custom:video-decoder-ogg-theora: a1e56fd34408186e4bbccfd4996cb3dc -> 
  custom:framework-win-MediaFoundation: 216162199b28c13a410421893ffa2e32 -> 
  custom:scripting/monoscript/fileName/NewBehaviourScript.cs: b21687ddb03d73bd9f0c1daecb9714de -> 
  custom:video-encoder-webm-vp8: eb34c28f22e8b96e1ab97ce403110664 -> 
  custom:audio-decoder-ogg-vorbis: bf7c407c2cedff20999df2af8eb42d56 -> 
  custom:CustomObjectIndexerAttribute: 9a22284fe3817be447336de3de66b15e -> 
  custom:container-demuxer-webm: 4f35f7cbe854078d1ac9338744f61a02 -> 
  custom:scripting/monoscript/fileName/BasicMovement.cs: a880b29f2a71af6c65a37a45b20c49c7 -> 
  custom:audio-encoder-webm-vorbis: bf7c407c2cedff20999df2af8eb42d56 -> 
  custom:scripting/monoscript/fileName/CameraMe.cs: 7c1f197c71b319c626f5e49d4f89eacb -> 
  custom:scripting/monoscript/fileName/CameraFollow.cs: de990732cc429467f8f49571d0872163 -> 
  custom:scripting/precompiled-assembly-types:Assembly-CSharp: eaca92c3b670a8148fe72fbcf5d47eac -> 67436ea41a9d3017f292b886f19aa56f
  custom:container-muxer-webm: aa71ff27fc2769a1b78a27578f13a17b -> 
========================================================================
Received Prepare
Caller must complete domain reload
Begin MonoManager ReloadAssembly
- Loaded All Assemblies, in  0.285 seconds
Native extension for WindowsStandalone target not found
Native extension for WebGL target not found
[Package Manager] Server::EnsureServerProcessIsRunning -- launch failed, reason: Unity was launched with the -noUpm command-line argument
[Package Manager] UpmClient::Send -- Unable to send message (not connected to UPM process).
[Package Manager] Cannot connect to Unity Package Manager local server
[Package Manager] Server::EnsureServerProcessIsRunning -- launch failed, reason: Unity was launched with the -noUpm command-line argument
[Package Manager] UpmClient::Send -- Unable to send message (not connected to UPM process).
[Package Manager] Cannot connect to Unity Package Manager local server
Mono: successfully reloaded assembly
[Package Manager] Server::EnsureServerProcessIsRunning -- launch failed, reason: Unity was launched with the -noUpm command-line argument
[Package Manager] UpmClient::Send -- Unable to send message (not connected to UPM process).
[Package Manager] Cannot connect to Unity Package Manager local server
- Finished resetting the current domain, in  0.693 seconds
Domain Reload Profiling: 978ms
	BeginReloadAssembly (123ms)
		ExecutionOrderSort (0ms)
		DisableScriptedObjects (3ms)
		BackupInstance (0ms)
		ReleaseScriptingObjects (0ms)
		CreateAndSetChildDomain (25ms)
	RebuildCommonClasses (25ms)
	RebuildNativeTypeToScriptingClass (12ms)
	initialDomainReloadingComplete (19ms)
	LoadAllAssembliesAndSetupDomain (105ms)
		LoadAssemblies (165ms)
		RebuildTransferFunctionScriptingTraits (0ms)
		AnalyzeDomain (6ms)
			TypeCache.Refresh (3ms)
				TypeCache.ScanAssembly (0ms)
			ScanForSourceGeneratedMonoScriptInfo (0ms)
			ResolveRequiredComponents (2ms)
	FinalizeReload (693ms)
		ReleaseScriptCaches (0ms)
		RebuildScriptCaches (0ms)
		SetupLoadedEditorAssemblies (491ms)
			LogAssemblyErrors (0ms)
			InitializePlatformSupportModulesInManaged (4ms)
			SetLoadedEditorAssemblies (2ms)
			RefreshPlugins (0ms)
			BeforeProcessingInitializeOnLoad (36ms)
			ProcessInitializeOnLoadAttributes (423ms)
			ProcessInitializeOnLoadMethodAttributes (22ms)
			AfterProcessingInitializeOnLoad (3ms)
			EditorAssembliesLoaded (0ms)
		ExecutionOrderSort2 (0ms)
		AwakeInstancesAfterBackupRestoration (8ms)
Refreshing native plugins compatible for Editor in 1.28 ms, found 2 plugins.
Preloading 0 native plugins for Editor in 0.00 ms.
Unloading 1659 Unused Serialized files (Serialized files now loaded: 0)
Unloading 10 unused Assets / (25.9 KB). Loaded Objects now: 2229.
Memory consumption went from 92.0 MB to 92.0 MB.
Total: 2.539700 ms (FindLiveObjects: 0.155200 ms CreateObjectMapping: 0.071500 ms MarkObjects: 2.283600 ms  DeleteObjects: 0.028500 ms)

Prepare: number of updated asset objects reloaded= 0
AssetImportParameters requested are different than current active one (requested -> active):
  custom:video-decoder-webm-vp8: 9c59270c3fd7afecdb556c50c9e8de78 -> 
  custom:SearchIndexIgnoredProperties: e643bd26f0fe6173181afceb89e7c659 -> 
  custom:container-demuxer-ogg: 62fdf1f143b41e24485cea50d1cbac27 -> 
  custom:AudioImporter_EditorPlatform: d09bf68614088b80899f8185d706f6e7 -> 
  custom:video-codec-MediaFoundation-h265: 746d11721c4dcdbdad8f713fa42b33f4 -> 
  custom:video-decoder-ogg-theora: a1e56fd34408186e4bbccfd4996cb3dc -> 
  custom:framework-win-MediaFoundation: 216162199b28c13a410421893ffa2e32 -> 
  custom:scripting/monoscript/fileName/NewBehaviourScript.cs: b21687ddb03d73bd9f0c1daecb9714de -> 
  custom:video-encoder-webm-vp8: eb34c28f22e8b96e1ab97ce403110664 -> 
  custom:audio-decoder-ogg-vorbis: bf7c407c2cedff20999df2af8eb42d56 -> 
  custom:CustomObjectIndexerAttribute: 9a22284fe3817be447336de3de66b15e -> 
  custom:container-demuxer-webm: 4f35f7cbe854078d1ac9338744f61a02 -> 
  custom:scripting/monoscript/fileName/BasicMovement.cs: a880b29f2a71af6c65a37a45b20c49c7 -> 
  custom:audio-encoder-webm-vorbis: bf7c407c2cedff20999df2af8eb42d56 -> 
  custom:scripting/monoscript/fileName/CameraMe.cs: 7c1f197c71b319c626f5e49d4f89eacb -> 
  custom:scripting/monoscript/fileName/CameraFollow.cs: de990732cc429467f8f49571d0872163 -> 
  custom:scripting/precompiled-assembly-types:Assembly-CSharp: eaca92c3b670a8148fe72fbcf5d47eac -> 67436ea41a9d3017f292b886f19aa56f
  custom:container-muxer-webm: aa71ff27fc2769a1b78a27578f13a17b -> 
========================================================================
Received Prepare
Caller must complete domain reload
Begin MonoManager ReloadAssembly
- Loaded All Assemblies, in  0.279 seconds
Native extension for WindowsStandalone target not found
Native extension for WebGL target not found
[Package Manager] Server::EnsureServerProcessIsRunning -- launch failed, reason: Unity was launched with the -noUpm command-line argument
[Package Manager] UpmClient::Send -- Unable to send message (not connected to UPM process).
[Package Manager] Cannot connect to Unity Package Manager local server
[Package Manager] Server::EnsureServerProcessIsRunning -- launch failed, reason: Unity was launched with the -noUpm command-line argument
[Package Manager] UpmClient::Send -- Unable to send message (not connected to UPM process).
[Package Manager] Cannot connect to Unity Package Manager local server
Mono: successfully reloaded assembly
[Package Manager] Server::EnsureServerProcessIsRunning -- launch failed, reason: Unity was launched with the -noUpm command-line argument
[Package Manager] UpmClient::Send -- Unable to send message (not connected to UPM process).
[Package Manager] Cannot connect to Unity Package Manager local server
- Finished resetting the current domain, in  0.807 seconds
Domain Reload Profiling: 1085ms
	BeginReloadAssembly (118ms)
		ExecutionOrderSort (0ms)
		DisableScriptedObjects (2ms)
		BackupInstance (0ms)
		ReleaseScriptingObjects (0ms)
		CreateAndSetChildDomain (26ms)
	RebuildCommonClasses (25ms)
	RebuildNativeTypeToScriptingClass (9ms)
	initialDomainReloadingComplete (23ms)
	LoadAllAssembliesAndSetupDomain (104ms)
		LoadAssemblies (162ms)
		RebuildTransferFunctionScriptingTraits (0ms)
		AnalyzeDomain (8ms)
			TypeCache.Refresh (4ms)
				TypeCache.ScanAssembly (0ms)
			ScanForSourceGeneratedMonoScriptInfo (0ms)
			ResolveRequiredComponents (3ms)
	FinalizeReload (807ms)
		ReleaseScriptCaches (0ms)
		RebuildScriptCaches (0ms)
		SetupLoadedEditorAssemblies (608ms)
			LogAssemblyErrors (0ms)
			InitializePlatformSupportModulesInManaged (6ms)
			SetLoadedEditorAssemblies (3ms)
			RefreshPlugins (0ms)
			BeforeProcessingInitializeOnLoad (35ms)
			ProcessInitializeOnLoadAttributes (542ms)
			ProcessInitializeOnLoadMethodAttributes (21ms)
			AfterProcessingInitializeOnLoad (2ms)
			EditorAssembliesLoaded (0ms)
		ExecutionOrderSort2 (0ms)
		AwakeInstancesAfterBackupRestoration (6ms)
Refreshing native plugins compatible for Editor in 0.94 ms, found 2 plugins.
Preloading 0 native plugins for Editor in 0.00 ms.
Unloading 1659 Unused Serialized files (Serialized files now loaded: 0)
Unloading 10 unused Assets / (25.9 KB). Loaded Objects now: 2233.
Memory consumption went from 92.0 MB to 92.0 MB.
Total: 2.314300 ms (FindLiveObjects: 0.118200 ms CreateObjectMapping: 0.035500 ms MarkObjects: 2.128300 ms  DeleteObjects: 0.030700 ms)

Prepare: number of updated asset objects reloaded= 0
AssetImportParameters requested are different than current active one (requested -> active):
  custom:video-decoder-webm-vp8: 9c59270c3fd7afecdb556c50c9e8de78 -> 
  custom:SearchIndexIgnoredProperties: e643bd26f0fe6173181afceb89e7c659 -> 
  custom:container-demuxer-ogg: 62fdf1f143b41e24485cea50d1cbac27 -> 
  custom:AudioImporter_EditorPlatform: d09bf68614088b80899f8185d706f6e7 -> 
  custom:video-codec-MediaFoundation-h265: 746d11721c4dcdbdad8f713fa42b33f4 -> 
  custom:video-decoder-ogg-theora: a1e56fd34408186e4bbccfd4996cb3dc -> 
  custom:framework-win-MediaFoundation: 216162199b28c13a410421893ffa2e32 -> 
  custom:scripting/monoscript/fileName/NewBehaviourScript.cs: b21687ddb03d73bd9f0c1daecb9714de -> 
  custom:video-encoder-webm-vp8: eb34c28f22e8b96e1ab97ce403110664 -> 
  custom:audio-decoder-ogg-vorbis: bf7c407c2cedff20999df2af8eb42d56 -> 
  custom:CustomObjectIndexerAttribute: 9a22284fe3817be447336de3de66b15e -> 
  custom:container-demuxer-webm: 4f35f7cbe854078d1ac9338744f61a02 -> 
  custom:scripting/monoscript/fileName/BasicMovement.cs: a880b29f2a71af6c65a37a45b20c49c7 -> 
  custom:audio-encoder-webm-vorbis: bf7c407c2cedff20999df2af8eb42d56 -> 
  custom:scripting/monoscript/fileName/CameraMe.cs: 7c1f197c71b319c626f5e49d4f89eacb -> 
  custom:scripting/monoscript/fileName/CameraFollow.cs: de990732cc429467f8f49571d0872163 -> 
  custom:scripting/precompiled-assembly-types:Assembly-CSharp: eaca92c3b670a8148fe72fbcf5d47eac -> 67436ea41a9d3017f292b886f19aa56f
  custom:container-muxer-webm: aa71ff27fc2769a1b78a27578f13a17b -> 
========================================================================
Received Prepare
Caller must complete domain reload
Begin MonoManager ReloadAssembly
- Loaded All Assemblies, in  0.251 seconds
Native extension for WindowsStandalone target not found
Native extension for WebGL target not found
[Package Manager] Server::EnsureServerProcessIsRunning -- launch failed, reason: Unity was launched with the -noUpm command-line argument
[Package Manager] UpmClient::Send -- Unable to send message (not connected to UPM process).
[Package Manager] Cannot connect to Unity Package Manager local server
[Package Manager] Server::EnsureServerProcessIsRunning -- launch failed, reason: Unity was launched with the -noUpm command-line argument
[Package Manager] UpmClient::Send -- Unable to send message (not connected to UPM process).
[Package Manager] Cannot connect to Unity Package Manager local server
Mono: successfully reloaded assembly
[Package Manager] Server::EnsureServerProcessIsRunning -- launch failed, reason: Unity was launched with the -noUpm command-line argument
[Package Manager] UpmClient::Send -- Unable to send message (not connected to UPM process).
[Package Manager] Cannot connect to Unity Package Manager local server
- Finished resetting the current domain, in  0.633 seconds
Domain Reload Profiling: 884ms
	BeginReloadAssembly (97ms)
		ExecutionOrderSort (0ms)
		DisableScriptedObjects (2ms)
		BackupInstance (0ms)
		ReleaseScriptingObjects (0ms)
		CreateAndSetChildDomain (22ms)
	RebuildCommonClasses (29ms)
	RebuildNativeTypeToScriptingClass (11ms)
	initialDomainReloadingComplete (19ms)
	LoadAllAssembliesAndSetupDomain (94ms)
		LoadAssemblies (136ms)
		RebuildTransferFunctionScriptingTraits (0ms)
		AnalyzeDomain (6ms)
			TypeCache.Refresh (3ms)
				TypeCache.ScanAssembly (0ms)
			ScanForSourceGeneratedMonoScriptInfo (0ms)
			ResolveRequiredComponents (2ms)
	FinalizeReload (633ms)
		ReleaseScriptCaches (0ms)
		RebuildScriptCaches (0ms)
		SetupLoadedEditorAssemblies (451ms)
			LogAssemblyErrors (0ms)
			InitializePlatformSupportModulesInManaged (4ms)
			SetLoadedEditorAssemblies (2ms)
			RefreshPlugins (0ms)
			BeforeProcessingInitializeOnLoad (32ms)
			ProcessInitializeOnLoadAttributes (391ms)
			ProcessInitializeOnLoadMethodAttributes (21ms)
			AfterProcessingInitializeOnLoad (2ms)
			EditorAssembliesLoaded (0ms)
		ExecutionOrderSort2 (0ms)
		AwakeInstancesAfterBackupRestoration (6ms)
Refreshing native plugins compatible for Editor in 1.03 ms, found 2 plugins.
Preloading 0 native plugins for Editor in 0.00 ms.
Unloading 1659 Unused Serialized files (Serialized files now loaded: 0)
Unloading 10 unused Assets / (25.9 KB). Loaded Objects now: 2237.
Memory consumption went from 92.0 MB to 92.0 MB.
Total: 2.572900 ms (FindLiveObjects: 0.089200 ms CreateObjectMapping: 0.026500 ms MarkObjects: 2.422500 ms  DeleteObjects: 0.033900 ms)

Prepare: number of updated asset objects reloaded= 0
AssetImportParameters requested are different than current active one (requested -> active):
  custom:video-decoder-webm-vp8: 9c59270c3fd7afecdb556c50c9e8de78 -> 
  custom:SearchIndexIgnoredProperties: e643bd26f0fe6173181afceb89e7c659 -> 
  custom:container-demuxer-ogg: 62fdf1f143b41e24485cea50d1cbac27 -> 
  custom:AudioImporter_EditorPlatform: d09bf68614088b80899f8185d706f6e7 -> 
  custom:video-codec-MediaFoundation-h265: 746d11721c4dcdbdad8f713fa42b33f4 -> 
  custom:video-decoder-ogg-theora: a1e56fd34408186e4bbccfd4996cb3dc -> 
  custom:framework-win-MediaFoundation: 216162199b28c13a410421893ffa2e32 -> 
  custom:scripting/monoscript/fileName/NewBehaviourScript.cs: b21687ddb03d73bd9f0c1daecb9714de -> 
  custom:video-encoder-webm-vp8: eb34c28f22e8b96e1ab97ce403110664 -> 
  custom:audio-decoder-ogg-vorbis: bf7c407c2cedff20999df2af8eb42d56 -> 
  custom:CustomObjectIndexerAttribute: 9a22284fe3817be447336de3de66b15e -> 
  custom:container-demuxer-webm: 4f35f7cbe854078d1ac9338744f61a02 -> 
  custom:scripting/monoscript/fileName/BasicMovement.cs: a880b29f2a71af6c65a37a45b20c49c7 -> 
  custom:audio-encoder-webm-vorbis: bf7c407c2cedff20999df2af8eb42d56 -> 
  custom:scripting/monoscript/fileName/CameraMe.cs: 7c1f197c71b319c626f5e49d4f89eacb -> 
  custom:scripting/monoscript/fileName/CameraFollow.cs: de990732cc429467f8f49571d0872163 -> 
  custom:scripting/precompiled-assembly-types:Assembly-CSharp: eaca92c3b670a8148fe72fbcf5d47eac -> 67436ea41a9d3017f292b886f19aa56f
  custom:container-muxer-webm: aa71ff27fc2769a1b78a27578f13a17b -> 
========================================================================
Received Prepare
Caller must complete domain reload
Begin MonoManager ReloadAssembly
- Loaded All Assemblies, in  0.265 seconds
Native extension for WindowsStandalone target not found
Native extension for WebGL target not found
[Package Manager] Server::EnsureServerProcessIsRunning -- launch failed, reason: Unity was launched with the -noUpm command-line argument
[Package Manager] UpmClient::Send -- Unable to send message (not connected to UPM process).
[Package Manager] Cannot connect to Unity Package Manager local server
[Package Manager] Server::EnsureServerProcessIsRunning -- launch failed, reason: Unity was launched with the -noUpm command-line argument
[Package Manager] UpmClient::Send -- Unable to send message (not connected to UPM process).
[Package Manager] Cannot connect to Unity Package Manager local server
Mono: successfully reloaded assembly
[Package Manager] Server::EnsureServerProcessIsRunning -- launch failed, reason: Unity was launched with the -noUpm command-line argument
[Package Manager] UpmClient::Send -- Unable to send message (not connected to UPM process).
[Package Manager] Cannot connect to Unity Package Manager local server
- Finished resetting the current domain, in  0.648 seconds
Domain Reload Profiling: 913ms
	BeginReloadAssembly (119ms)
		ExecutionOrderSort (0ms)
		DisableScriptedObjects (2ms)
		BackupInstance (0ms)
		ReleaseScriptingObjects (0ms)
		CreateAndSetChildDomain (27ms)
	RebuildCommonClasses (24ms)
	RebuildNativeTypeToScriptingClass (10ms)
	initialDomainReloadingComplete (19ms)
	LoadAllAssembliesAndSetupDomain (92ms)
		LoadAssemblies (149ms)
		RebuildTransferFunctionScriptingTraits (0ms)
		AnalyzeDomain (7ms)
			TypeCache.Refresh (4ms)
				TypeCache.ScanAssembly (0ms)
			ScanForSourceGeneratedMonoScriptInfo (0ms)
			ResolveRequiredComponents (2ms)
	FinalizeReload (648ms)
		ReleaseScriptCaches (0ms)
		RebuildScriptCaches (0ms)
		SetupLoadedEditorAssemblies (471ms)
			LogAssemblyErrors (0ms)
			InitializePlatformSupportModulesInManaged (4ms)
			SetLoadedEditorAssemblies (2ms)
			RefreshPlugins (0ms)
			BeforeProcessingInitializeOnLoad (30ms)
			ProcessInitializeOnLoadAttributes (412ms)
			ProcessInitializeOnLoadMethodAttributes (21ms)
			AfterProcessingInitializeOnLoad (2ms)
			EditorAssembliesLoaded (0ms)
		ExecutionOrderSort2 (0ms)
		AwakeInstancesAfterBackupRestoration (6ms)
Refreshing native plugins compatible for Editor in 0.96 ms, found 2 plugins.
Preloading 0 native plugins for Editor in 0.00 ms.
Unloading 1659 Unused Serialized files (Serialized files now loaded: 0)
Unloading 10 unused Assets / (25.9 KB). Loaded Objects now: 2241.
Memory consumption went from 92.0 MB to 92.0 MB.
Total: 2.483400 ms (FindLiveObjects: 0.119100 ms CreateObjectMapping: 0.030200 ms MarkObjects: 2.303900 ms  DeleteObjects: 0.029500 ms)

Prepare: number of updated asset objects reloaded= 0
AssetImportParameters requested are different than current active one (requested -> active):
  custom:video-decoder-webm-vp8: 9c59270c3fd7afecdb556c50c9e8de78 -> 
  custom:SearchIndexIgnoredProperties: e643bd26f0fe6173181afceb89e7c659 -> 
  custom:container-demuxer-ogg: 62fdf1f143b41e24485cea50d1cbac27 -> 
  custom:AudioImporter_EditorPlatform: d09bf68614088b80899f8185d706f6e7 -> 
  custom:video-codec-MediaFoundation-h265: 746d11721c4dcdbdad8f713fa42b33f4 -> 
  custom:video-decoder-ogg-theora: a1e56fd34408186e4bbccfd4996cb3dc -> 
  custom:framework-win-MediaFoundation: 216162199b28c13a410421893ffa2e32 -> 
  custom:scripting/monoscript/fileName/NewBehaviourScript.cs: b21687ddb03d73bd9f0c1daecb9714de -> 
  custom:video-encoder-webm-vp8: eb34c28f22e8b96e1ab97ce403110664 -> 
  custom:audio-decoder-ogg-vorbis: bf7c407c2cedff20999df2af8eb42d56 -> 
  custom:CustomObjectIndexerAttribute: 9a22284fe3817be447336de3de66b15e -> 
  custom:container-demuxer-webm: 4f35f7cbe854078d1ac9338744f61a02 -> 
  custom:scripting/monoscript/fileName/BasicMovement.cs: a880b29f2a71af6c65a37a45b20c49c7 -> 
  custom:audio-encoder-webm-vorbis: bf7c407c2cedff20999df2af8eb42d56 -> 
  custom:scripting/monoscript/fileName/CameraMe.cs: 7c1f197c71b319c626f5e49d4f89eacb -> 
  custom:scripting/monoscript/fileName/CameraFollow.cs: de990732cc429467f8f49571d0872163 -> 
  custom:scripting/precompiled-assembly-types:Assembly-CSharp: eaca92c3b670a8148fe72fbcf5d47eac -> 67436ea41a9d3017f292b886f19aa56f
  custom:container-muxer-webm: aa71ff27fc2769a1b78a27578f13a17b -> 
========================================================================
Received Prepare
Caller must complete domain reload
Begin MonoManager ReloadAssembly
- Loaded All Assemblies, in  0.298 seconds
Native extension for WindowsStandalone target not found
Native extension for WebGL target not found
[Package Manager] Server::EnsureServerProcessIsRunning -- launch failed, reason: Unity was launched with the -noUpm command-line argument
[Package Manager] UpmClient::Send -- Unable to send message (not connected to UPM process).
[Package Manager] Cannot connect to Unity Package Manager local server
[Package Manager] Server::EnsureServerProcessIsRunning -- launch failed, reason: Unity was launched with the -noUpm command-line argument
[Package Manager] UpmClient::Send -- Unable to send message (not connected to UPM process).
[Package Manager] Cannot connect to Unity Package Manager local server
Mono: successfully reloaded assembly
[Package Manager] Server::EnsureServerProcessIsRunning -- launch failed, reason: Unity was launched with the -noUpm command-line argument
[Package Manager] UpmClient::Send -- Unable to send message (not connected to UPM process).
[Package Manager] Cannot connect to Unity Package Manager local server
- Finished resetting the current domain, in  0.632 seconds
Domain Reload Profiling: 930ms
	BeginReloadAssembly (122ms)
		ExecutionOrderSort (0ms)
		DisableScriptedObjects (2ms)
		BackupInstance (0ms)
		ReleaseScriptingObjects (0ms)
		CreateAndSetChildDomain (20ms)
	RebuildCommonClasses (37ms)
	RebuildNativeTypeToScriptingClass (9ms)
	initialDomainReloadingComplete (19ms)
	LoadAllAssembliesAndSetupDomain (111ms)
		LoadAssemblies (171ms)
		RebuildTransferFunctionScriptingTraits (0ms)
		AnalyzeDomain (17ms)
			TypeCache.Refresh (9ms)
				TypeCache.ScanAssembly (5ms)
			ScanForSourceGeneratedMonoScriptInfo (5ms)
			ResolveRequiredComponents (2ms)
	FinalizeReload (632ms)
		ReleaseScriptCaches (0ms)
		RebuildScriptCaches (0ms)
		SetupLoadedEditorAssemblies (446ms)
			LogAssemblyErrors (0ms)
			InitializePlatformSupportModulesInManaged (5ms)
			SetLoadedEditorAssemblies (3ms)
			RefreshPlugins (0ms)
			BeforeProcessingInitializeOnLoad (34ms)
			ProcessInitializeOnLoadAttributes (385ms)
			ProcessInitializeOnLoadMethodAttributes (16ms)
			AfterProcessingInitializeOnLoad (2ms)
			EditorAssembliesLoaded (0ms)
		ExecutionOrderSort2 (0ms)
		AwakeInstancesAfterBackupRestoration (6ms)
Refreshing native plugins compatible for Editor in 0.89 ms, found 2 plugins.
Preloading 0 native plugins for Editor in 0.00 ms.
Unloading 1823 Unused Serialized files (Serialized files now loaded: 0)
Unloading 12 unused Assets / (131.8 KB). Loaded Objects now: 2419.
Memory consumption went from 95.8 MB to 95.7 MB.
Total: 2.987300 ms (FindLiveObjects: 0.140100 ms CreateObjectMapping: 0.033800 ms MarkObjects: 2.729000 ms  DeleteObjects: 0.083600 ms)

Prepare: number of updated asset objects reloaded= 0
AssetImportParameters requested are different than current active one (requested -> active):
  custom:scripting/monoscript/fileName/CinemachineGroupComposerEditor.cs: 54a07f36704e77a685a5e7e8c8b2c216 -> 
  custom:video-decoder-webm-vp8: 9c59270c3fd7afecdb556c50c9e8de78 -> 
  custom:scripting/monoscript/fileName/CinemachineConfinerEditor.cs: cc6c898a3390647ab91613c8a96de4b4 -> 
  custom:scripting/monoscript/fileName/CinemachineHardLookAt.cs: 792580aec23d39bcecd7ceea4c27a0ce -> 
  custom:scripting/monoscript/fileName/CinemachineInputAxisDriver.cs: 7e424e54660fed310c58dc98ea41042e -> 
  custom:scripting/monoscript/fileName/CinemachineStoryboardEditor.cs: 2e7ec8bfb72013eaaff4873a27da019c -> 
  custom:scripting/monoscript/fileName/CinemachineBasicMultiChannelPerlin.cs: bd5416e75860cd63657371207eb79058 -> 
  custom:scripting/monoscript/fileName/CinemachineBlendDefinitionPropertyDrawer.cs: 7ae344d19d646b738f3c65294becf216 -> 
  custom:scripting/monoscript/fileName/CinemachineTrackedDollyEditor.cs: b4d6784c58752cea58aafd9a76ca4459 -> 
  custom:scripting/monoscript/fileName/CinemachineImpulseManager.cs: c34be3577a810e26fd0110c580799b88 -> 
  custom:scripting/monoscript/fileName/CinemachineSmoothPath.cs: c28db2688f35d70587b5f943431a010a -> 
  custom:SearchIndexIgnoredProperties: e643bd26f0fe6173181afceb89e7c659 -> 
  custom:scripting/monoscript/fileName/CinemachineStateDrivenCamera.cs: aea2468a7384be4ba6d1b043ccec135d -> 
  custom:container-demuxer-ogg: 62fdf1f143b41e24485cea50d1cbac27 -> 
  custom:scripting/monoscript/fileName/CinemachineBlenderSettings.cs: 9adcb80668a56be4cd8e31c1d3dc60ae -> 
  custom:AudioImporter_EditorPlatform: d09bf68614088b80899f8185d706f6e7 -> 
  custom:scripting/monoscript/fileName/SignalSourceAsset.cs: f7ffd463dece56bad278f5a8d3ed7fc6 -> 
  custom:scripting/monoscript/fileName/CinemachineMixingCamera.cs: 739c5ceb76c01023f431794ec46a0177 -> 
  custom:scripting/monoscript/fileName/CinemachineCore.cs: fe6c3be993819098833de1628bfd76b2 -> 
  custom:scripting/monoscript/fileName/CinemachinePath.cs: b443d3c8837a65ddc3c78741cd58ec71 -> 
  custom:scripting/monoscript/fileName/CinemachineImpulseChannelPropertyDrawer.cs: 4b6390a17916751618e2a45cb8d47a80 -> 
  custom:scripting/monoscript/fileName/SerializedPropertyHelper.cs: b04ac165255e34bc2935ca9bf180e209 -> 
  custom:scripting/monoscript/fileName/CinemachineFramingTransposer.cs: 7943c9d436748359882d8f978cf86c91 -> 
  custom:scripting/monoscript/fileName/CinemachineImpulseListenerEditor.cs: d5d28e418f87c111bce1c1b98f1f70ba -> 
  custom:scripting/monoscript/fileName/AxisState.cs: 1a494a66d8b9a58f4a6873f89bf5b094 -> 
  custom:scripting/monoscript/fileName/CinemachineDollyCart.cs: bbe9d07f4a2f7ee5ab002e66cb05f922 -> 
  custom:scripting/monoscript/fileName/CinemachineStoryboard.cs: 59a2099f76be9b47af1e12ed7d40f553 -> 
  custom:scripting/monoscript/fileName/CinemachineClearShot.cs: 1da15f5c7903497ce3ae982ee4ee4779 -> 
  custom:scripting/monoscript/fileName/CinemachinePOVEditor.cs: 71db5a9242a182995b4ca15db516f628 -> 
  custom:scripting/monoscript/fileName/CinemachineMixer.cs: 2e36eb9e732dd7c8a32e8f83daebd6f4 -> 
  custom:scripting/monoscript/fileName/CinemachinePixelPerfect.cs: 2f42bea4517739481ed2553d1616050e -> 
  custom:scripting/monoscript/fileName/CinemachineTrackedDolly.cs: f6a9c21b27ad86d45f62f6b444ccbb49 -> 
  custom:scripting/monoscript/fileName/CinemachineHardLookAtEditor.cs: 15b8f2af6a6d786898ce5dd6b0db26dc -> 
  custom:scripting/monoscript/fileName/CinemachineConfiner.cs: 3813336c17662a5cb6b59ce5f1954254 -> 
  custom:video-codec-MediaFoundation-h265: 746d11721c4dcdbdad8f713fa42b33f4 -> 
  custom:scripting/monoscript/fileName/CinemachineComposer.cs: e399dfd36807c341da7cd182ce299d1e -> 
  custom:scripting/monoscript/fileName/CinemachineTrack.cs: 4b50d47d507c57dc81b82253ec075194 -> 
  custom:scripting/monoscript/fileName/CinemachineSmoothPathEditor.cs: 7555bcba4eb760e012dd21c6730ae562 -> 
  custom:scripting/monoscript/fileName/ScriptableObjectUtility.cs: c529d074f6f57a07e3f410d488963bbc -> 
  custom:scripting/monoscript/fileName/CinemachineBrain.cs: 365b4e0b6319f064062e97b8f8e32c8e -> 
  custom:scripting/monoscript/fileName/CinemachineImpulseDefinitionPropertyDrawer.cs: 1b2fc77b0a80a7e0e9045e0d44fb761c -> 
  custom:scripting/monoscript/fileName/CinemachineColliderPrefs.cs: 47106451d4685409820905badf49b71f -> 
  custom:scripting/monoscript/fileName/CinemachineFollowZoom.cs: eb74e2e98d3dc4647324e113f34710ca -> 
  custom:scripting/monoscript/fileName/CinemachineDebug.cs: 3077ed3b64725184c652d4c07ac732fd -> 
  custom:scripting/monoscript/fileName/CinemachineLensPresets.cs: 014747fb0ab87178c677520d0bf20bf7 -> 
  custom:video-decoder-ogg-theora: a1e56fd34408186e4bbccfd4996cb3dc -> 
  custom:scripting/monoscript/fileName/CinemachineOrbitalTransposer.cs: 71c52878ba6d43827473a480056a99da -> 
  custom:scripting/monoscript/fileName/CinemachineCameraOffset.cs: a6887f67d3eb83cc6393b822d4e65121 -> 
  custom:scripting/monoscript/fileName/ICinemachineCamera.cs: 2faad4f04eaf5d98c2870adbfb06184e -> 
  custom:scripting/monoscript/fileName/CinemachinePathBase.cs: debb99764287c54cae06313e2d6a1fe1 -> 
  custom:scripting/monoscript/fileName/CinemachineImpulseSource.cs: ac073b8453e26c5dd422d5f1a90a7ff2 -> 
  custom:scripting/monoscript/fileName/CinemachineShotPlayable.cs: e346ad1ecb4af45da55274cb9abd9ec0 -> 
  custom:scripting/monoscript/fileName/CinemachineTagFieldPropertyDrawer.cs: e78491a12decd558a49d01cc583bfcfb -> 
  custom:framework-win-MediaFoundation: 216162199b28c13a410421893ffa2e32 -> 
  custom:scripting/monoscript/fileName/CinemachineVolumeSettings.cs: 22782cc3dbf8dfd1cb54e8486f29fe0d -> 
  custom:scripting/monoscript/fileName/CinemachineImpulseEnvelopePropertyDrawer.cs: 07e00c9c84964a5c7e4f3f19e4263ec1 -> 
  custom:scripting/monoscript/fileName/SplineHelpers.cs: 9e5bf4293b3828088291b7871e233a27 -> 
  custom:scripting/monoscript/fileName/CinemachineImpulseSourceEditor.cs: 0ef7804c69c18838aa65e6d5bae5b055 -> 
  custom:scripting/monoscript/fileName/CinemachineExternalCameraEditor.cs: d74df442250b898c9b40669a19100e9d -> 
  custom:scripting/monoscript/fileName/NewBehaviourScript.cs: b21687ddb03d73bd9f0c1daecb9714de -> 
  custom:scripting/monoscript/fileName/CinemachineSameAsFollowTargetEditor.cs: 6def40fc1e39b3242347b6630fb5127e -> 
  custom:scripting/monoscript/fileName/CinemachineTargetGroupEditor.cs: f70ac85df8c1c9bd0b83a35534bafd1f -> 
  custom:scripting/monoscript/fileName/CinemachineRecomposer.cs: 07354cca81f7d0775b027b5906330569 -> 
  custom:scripting/monoscript/fileName/CinemachineTransposer.cs: aa226dd144b3a977b86ea888b85df5fa -> 
  custom:scripting/monoscript/fileName/CinemachineBlendListCameraEditor.cs: dbc12d2a9f3e2999a067290c411b2aca -> 
  custom:scripting/monoscript/fileName/TargetPositionCache.cs: 49ce97e6930a536b43825141e0c2d3a4 -> 
  custom:scripting/monoscript/fileName/CinemachineShot.cs: 3d4d9d05534db20e82d871d98ea52716 -> 
  custom:scripting/monoscript/fileName/CinemachineBasicMultiChannelPerlinEditor.cs: d6749cd6c482efa27bdd41f60394f1b9 -> 
  custom:scripting/monoscript/fileName/UnityVectorExtensions.cs: 052777772edecdffe26d41a6a989641e -> 
  custom:scripting/monoscript/fileName/CinemachineHardLockToTarget.cs: d349308c5b4f600a345055c394206f52 -> 
  custom:scripting/monoscript/fileName/CinemachineImpulseChannels.cs: a9a39cc5ecea1f083db0fce154eec19c -> 
  custom:scripting/monoscript/fileName/CinemachineConfiner2D.cs: beb10be0db8ff9d3a94bd0a150963b9b -> 
  custom:scripting/monoscript/fileName/LensSettings.cs: 4335e899502c57ee4480b8c9aa915366 -> 
  custom:scripting/monoscript/fileName/CinemachineExternalCamera.cs: d76122377115c288d881064c3f07a3f1 -> 
  custom:scripting/monoscript/fileName/Cinemachine3rdPersonAim.cs: 4bd230d915f070bb3cae23bef6f7ab70 -> 
  custom:scripting/monoscript/fileName/ReflectionHelpers.cs: 60a5d38af3e775d0a421a7ff630d61cc -> 
  custom:scripting/monoscript/fileName/CinemachineVirtualCamera.cs: f16f2dc5bc1261579875c19605c45301 -> 
  custom:scripting/monoscript/fileName/Predictor.cs: d51584936cb5b31b30ee7b444e03385b -> 
  custom:scripting/monoscript/fileName/CinemachineImpulseListener.cs: 6aac146243d38e7a67346170caa40ea1 -> 
  custom:scripting/monoscript/fileName/CinemachineOrbitalTransposerEditor.cs: 5ea2e4bec7ee6c24917bd86647f4bffa -> 
  custom:scripting/monoscript/fileName/CinemachineConfiner2DEditor.cs: 3f4b3d9b17ff5cd560135aa24f822994 -> 
  custom:scripting/monoscript/fileName/GroupWeightManipulator.cs: 588749cf3436a8199e762a8e09bc8de7 -> 
  custom:scripting/monoscript/fileName/AxisStatePropertyDrawer.cs: 2d807695a513641e771c78e6c342ff04 -> 
  custom:video-encoder-webm-vp8: eb34c28f22e8b96e1ab97ce403110664 -> 
  custom:scripting/monoscript/fileName/CinemachineScreenComposerGuides.cs: cdc7ea02ccc4c8d1561d98d16760d1ca -> 
  custom:scripting/monoscript/fileName/CinemachinePropertyAttribute.cs: e8158d9725ac3a9129a08e46a4ff7519 -> 
  custom:scripting/monoscript/fileName/CinemachineVirtualCameraEditor.cs: 2e051d0c474634e907fe4123d6e2656e -> 
  custom:scripting/monoscript/fileName/CinemachineMenu.cs: 7b932811d9fa1e44d0d8b2b9ed75adf3 -> 
  custom:scripting/monoscript/fileName/RuntimeUtility.cs: 8c92a9f673836e5d2084dbeb0f10159f -> 
  custom:scripting/monoscript/fileName/CinemachineFreeLook.cs: bebc32b18bc4beddc113bad68624e557 -> 
  custom:scripting/monoscript/fileName/CinemachineSettings.cs: 197f6d5ad32e253546b5afa056a5bba4 -> 
  custom:audio-decoder-ogg-vorbis: bf7c407c2cedff20999df2af8eb42d56 -> 
  custom:scripting/monoscript/fileName/CinemachineGroupComposer.cs: 173a689a80ef321c302f9c045419668f -> 
  custom:scripting/monoscript/fileName/CinemachineVirtualCameraBase.cs: c7e60cccdcb14ee2a33da9fd46c1c54f -> 
  custom:scripting/monoscript/fileName/CinemachineFixedSignal.cs: aedcdca7a861da6e456e0ae105b24c41 -> 
  custom:scripting/monoscript/fileName/CinemachineShotClipEditor.cs: 123a48531bf1d1b4f3c8398556caec62 -> 
  custom:scripting/monoscript/fileName/CinemachineNoiseSettingsEditor.cs: 9056e69d9c759ba2504535054fff31c9 -> 
  custom:scripting/monoscript/fileName/CinemachineTouchInputMapper.cs: b9698729a07a7d31c864247e0582b566 -> 
  custom:scripting/monoscript/fileName/CinemachineTriggerAction.cs: cab9c5d02c28af05797c2c3743539bdb -> 
  custom:scripting/monoscript/fileName/InspectorUtility.cs: e13a8546bf784ce9963c508abb88926b -> 
  custom:CustomObjectIndexerAttribute: 9a22284fe3817be447336de3de66b15e -> 
  custom:scripting/monoscript/fileName/CinemachinePOV.cs: e4df06d1994174afa286b103eb06ee7f -> 
  custom:scripting/monoscript/fileName/CinemachineBlenderSettingsEditor.cs: c57aa7de12bc3e7367ca091f4902c67b -> 
  custom:scripting/monoscript/fileName/CinemachineBlend.cs: f33659d50c4d86144d649aa7e8196529 -> 
  custom:scripting/precompiled-assembly-types:Cinemachine: 54c8b091bb91c32bfeada952c9c53e21 -> 
  custom:scripting/monoscript/fileName/CinemachineImpulseDefinition.cs: 3d434086a2bdaf715abf85e79e9f14b4 -> 
  custom:scripting/precompiled-assembly-types:com.unity.cinemachine.editor: e24bde9f61664824443e2ae04112f2bb -> 
  custom:scripting/monoscript/fileName/CinemachineFreeLookEditor.cs: 9641291977c1891a004ac4c4c259e1c8 -> 
  custom:scripting/monoscript/fileName/CinemachineTransposerEditor.cs: 85841a774ddea4fb7232a7a585f716b4 -> 
  custom:scripting/monoscript/fileName/clipper.cs: 2a50e35a835148907b3c1fa8e187ab2b -> 
  custom:scripting/monoscript/fileName/NoiseSettings.cs: 443d576e0c72ab62870476103c9384ec -> 
  custom:scripting/monoscript/fileName/GaussianFilter.cs: 0a3672ebe80edf7c5daca82445c15683 -> 
  custom:scripting/monoscript/fileName/CinemachineSceneTools.cs: d63880a6073ab3335301b115db235b5b -> 
  custom:scripting/monoscript/fileName/Cinemachine3rdPersonFollowEditor.cs: f79aa162534f81c680877e6274b5d6ec -> 
  custom:scripting/monoscript/fileName/EmbeddedAssetPropertyDrawer.cs: fd7ebc18093de04c88d0cfc86fb060f5 -> 
  custom:container-demuxer-webm: 4f35f7cbe854078d1ac9338744f61a02 -> 
  custom:scripting/monoscript/fileName/CinemachineTriggerActionEditor.cs: 2309a2ec6192ace4cae8bab5a535978e -> 
  custom:scripting/monoscript/fileName/ConfinerOven.cs: ff23c03e90b61beb34474fc6e4ff668c -> 
  custom:scripting/monoscript/fileName/VcamTargetPropertyDrawer.cs: 9208050b1312b118a226fef2d63e8fa1 -> 
  custom:scripting/monoscript/fileName/CinemachineCollisionImpulseSource.cs: 9aae5e368cb7786be199f98f2122f96d -> 
  custom:scripting/monoscript/fileName/CinemachineClearShotEditor.cs: ca8875b47e775cd361c78158d7923690 -> 
  custom:scripting/monoscript/fileName/WaveformWindow.cs: 01bbc4fc017d41a2bab7fb57c988e8da -> 
  custom:scripting/monoscript/fileName/CinemachinePipeline.cs: 6ca7a5979a0a73ea1d450a8fc9b437ef -> 
  custom:scripting/monoscript/fileName/CinemachineEditorAnalytics.cs: de76cc292d7ecedcf47af6616498c9f9 -> 
  custom:scripting/monoscript/fileName/NoiseSettingsPropertyDrawer.cs: 8d3f69ba7eeec63914970bd3136b6ace -> 
  custom:scripting/monoscript/fileName/VcamStageEditor.cs: 84b0eaf932b448975a99972628e556d8 -> 
  custom:scripting/monoscript/fileName/CinemachineBrainEditor.cs: 49621d8b7679c0b5d128fef53d55becd -> 
  custom:scripting/monoscript/fileName/CinemachineFramingTransposerEditor.cs: 1653e1c00b2ca68b1d40f01e5bfb8445 -> 
  custom:scripting/monoscript/fileName/CinemachineShotEditor.cs: 2ba28b209a4ad7f0a791994d2360a9af -> 
  custom:scripting/monoscript/fileName/CinemachineStateDrivenCameraEditor.cs: 77d9f0a97385f936d9b4ffaa686bce39 -> 
  custom:scripting/monoscript/fileName/OrbitalTransposerHeadingPropertyDrawer.cs: 22496b76ce84f35f630c90badc4babd8 -> 
  custom:scripting/monoscript/fileName/BasicMovement.cs: a880b29f2a71af6c65a37a45b20c49c7 -> 
  custom:scripting/monoscript/fileName/CinemachineHardLockToTargetEditor.cs: c65eaafd47115974a2a9379aae467b0e -> 
  custom:scripting/monoscript/fileName/CinemachinePathEditor.cs: ce10985fbf0e018e2dea63fedae131ba -> 
  custom:scripting/monoscript/fileName/CinemachineCollider.cs: 8fa92f525b1c31cd81812685d7f8c288 -> 
  custom:audio-encoder-webm-vorbis: bf7c407c2cedff20999df2af8eb42d56 -> 
  custom:scripting/monoscript/fileName/CameraState.cs: 6ae7088fa20820e052d1e4d86059e90b -> 
  custom:scripting/monoscript/fileName/CameraMe.cs: 7c1f197c71b319c626f5e49d4f89eacb -> 
  custom:scripting/monoscript/fileName/CinemachineToolbarOverlay.cs: 371b6fc494252d6fda34e207e170cb66 -> 
  custom:scripting/monoscript/fileName/CinemachineCollisionImpulseSourceEditor.cs: 29f9a522ec6b23375849ba08fd597c8d -> 
  custom:scripting/monoscript/fileName/CinemachineIndependentImpulseListener.cs: 91ae8748b9c36955c333e57505ff90fb -> 
  custom:scripting/monoscript/fileName/CinemachineMixingCameraEditor.cs: 1c122a21d710512fec62cdc7bd351681 -> 
  custom:scripting/monoscript/fileName/CinemachinePostProcessing.cs: bf9b100a1b61fd5383288bc96487c194 -> 
  custom:scripting/monoscript/fileName/CinemachineInputProvider.cs: ecb845de690695f08b3b3bb647cc7006 -> 
  custom:scripting/monoscript/fileName/CinemachineColliderEditor.cs: 859d1abbd669ee84cb713f6d4d0e1c5f -> 
  custom:scripting/monoscript/fileName/CinemachineSameAsFollowTarget.cs: bcfa2d394e1e5460b4ef3dc039214a16 -> 
  custom:scripting/monoscript/fileName/CinemachineExtension.cs: 6968db4afcdc301f6acb1ef4fbadb2f4 -> 
  custom:scripting/monoscript/fileName/CinemachineTargetGroup.cs: 10a09aa736b3a25da6dd9fc3c4dd9d36 -> 
  custom:scripting/monoscript/fileName/CinemachineVirtualCameraBaseEditor.cs: 13ee4931cd85df4b22852d0547b5e690 -> 
  custom:scripting/monoscript/fileName/UpdateTracker.cs: 3dac8a24a32a32e4bbfeb38ed26ef250 -> 
  custom:scripting/monoscript/fileName/CinemachineComposerEditor.cs: dda533b9c6cb2b366292f584704bd904 -> 
  custom:scripting/monoscript/fileName/Cinemachine3rdPersonFollow.cs: 4600bac2bdf6b37d80e86f9aa5a413c3 -> 
  custom:scripting/monoscript/fileName/CameraFollow.cs: de990732cc429467f8f49571d0872163 -> 
  custom:scripting/monoscript/fileName/EmbeddedAssetHelpers.cs: 90647cc400823b41df847a6cbfc29026 -> 
  custom:scripting/precompiled-assembly-types:Assembly-CSharp: eaca92c3b670a8148fe72fbcf5d47eac -> 67436ea41a9d3017f292b886f19aa56f
  custom:scripting/monoscript/fileName/CinemachineBlendListCamera.cs: 66104ac24fef171d9f5d5b93a8cb2f83 -> 
  custom:scripting/monoscript/fileName/CinemachineComponentBase.cs: 5293f153c13e9bd2fc262ec31ff69206 -> 
  custom:scripting/monoscript/fileName/BaseEditor.cs: 90647cc400823b41df847a6cbfc29026 -> 
  custom:container-muxer-webm: aa71ff27fc2769a1b78a27578f13a17b -> 
  custom:scripting/monoscript/fileName/SaveDuringPlay.cs: de39f1962b337699845d3d8a2e8f5bde -> 
========================================================================
Received Prepare
Caller must complete domain reload
Begin MonoManager ReloadAssembly
- Loaded All Assemblies, in  0.247 seconds
Native extension for WindowsStandalone target not found
Native extension for WebGL target not found
[Package Manager] Server::EnsureServerProcessIsRunning -- launch failed, reason: Unity was launched with the -noUpm command-line argument
[Package Manager] UpmClient::Send -- Unable to send message (not connected to UPM process).
[Package Manager] Cannot connect to Unity Package Manager local server
[Package Manager] Server::EnsureServerProcessIsRunning -- launch failed, reason: Unity was launched with the -noUpm command-line argument
[Package Manager] UpmClient::Send -- Unable to send message (not connected to UPM process).
[Package Manager] Cannot connect to Unity Package Manager local server
Mono: successfully reloaded assembly
[Package Manager] Server::EnsureServerProcessIsRunning -- launch failed, reason: Unity was launched with the -noUpm command-line argument
[Package Manager] UpmClient::Send -- Unable to send message (not connected to UPM process).
[Package Manager] Cannot connect to Unity Package Manager local server
- Finished resetting the current domain, in  0.651 seconds
Domain Reload Profiling: 898ms
	BeginReloadAssembly (105ms)
		ExecutionOrderSort (0ms)
		DisableScriptedObjects (2ms)
		BackupInstance (0ms)
		ReleaseScriptingObjects (0ms)
		CreateAndSetChildDomain (24ms)
	RebuildCommonClasses (22ms)
	RebuildNativeTypeToScriptingClass (7ms)
	initialDomainReloadingComplete (15ms)
	LoadAllAssembliesAndSetupDomain (97ms)
		LoadAssemblies (145ms)
		RebuildTransferFunctionScriptingTraits (0ms)
		AnalyzeDomain (7ms)
			TypeCache.Refresh (3ms)
				TypeCache.ScanAssembly (0ms)
			ScanForSourceGeneratedMonoScriptInfo (0ms)
			ResolveRequiredComponents (3ms)
	FinalizeReload (651ms)
		ReleaseScriptCaches (0ms)
		RebuildScriptCaches (0ms)
		SetupLoadedEditorAssemblies (447ms)
			LogAssemblyErrors (0ms)
			InitializePlatformSupportModulesInManaged (6ms)
			SetLoadedEditorAssemblies (3ms)
			RefreshPlugins (0ms)
			BeforeProcessingInitializeOnLoad (32ms)
			ProcessInitializeOnLoadAttributes (384ms)
			ProcessInitializeOnLoadMethodAttributes (21ms)
			AfterProcessingInitializeOnLoad (2ms)
			EditorAssembliesLoaded (0ms)
		ExecutionOrderSort2 (0ms)
		AwakeInstancesAfterBackupRestoration (5ms)
Refreshing native plugins compatible for Editor in 1.21 ms, found 2 plugins.
Preloading 0 native plugins for Editor in 0.00 ms.
Unloading 1823 Unused Serialized files (Serialized files now loaded: 0)
Unloading 12 unused Assets / (131.8 KB). Loaded Objects now: 2435.
Memory consumption went from 95.8 MB to 95.7 MB.
Total: 2.663200 ms (FindLiveObjects: 0.108100 ms CreateObjectMapping: 0.041900 ms MarkObjects: 2.439300 ms  DeleteObjects: 0.073100 ms)

Prepare: number of updated asset objects reloaded= 0
AssetImportParameters requested are different than current active one (requested -> active):
  custom:scripting/monoscript/fileName/CinemachineGroupComposerEditor.cs: 54a07f36704e77a685a5e7e8c8b2c216 -> 
  custom:video-decoder-webm-vp8: 9c59270c3fd7afecdb556c50c9e8de78 -> 
  custom:scripting/monoscript/fileName/CinemachineConfinerEditor.cs: cc6c898a3390647ab91613c8a96de4b4 -> 
  custom:scripting/monoscript/fileName/CinemachineHardLookAt.cs: 792580aec23d39bcecd7ceea4c27a0ce -> 
  custom:scripting/monoscript/fileName/CinemachineInputAxisDriver.cs: 7e424e54660fed310c58dc98ea41042e -> 
  custom:scripting/monoscript/fileName/CinemachineStoryboardEditor.cs: 2e7ec8bfb72013eaaff4873a27da019c -> 
  custom:scripting/monoscript/fileName/CinemachineBasicMultiChannelPerlin.cs: bd5416e75860cd63657371207eb79058 -> 
  custom:scripting/monoscript/fileName/CinemachineBlendDefinitionPropertyDrawer.cs: 7ae344d19d646b738f3c65294becf216 -> 
  custom:scripting/monoscript/fileName/CinemachineTrackedDollyEditor.cs: b4d6784c58752cea58aafd9a76ca4459 -> 
  custom:scripting/monoscript/fileName/CinemachineImpulseManager.cs: c34be3577a810e26fd0110c580799b88 -> 
  custom:scripting/monoscript/fileName/CinemachineSmoothPath.cs: c28db2688f35d70587b5f943431a010a -> 
  custom:SearchIndexIgnoredProperties: e643bd26f0fe6173181afceb89e7c659 -> 
  custom:scripting/monoscript/fileName/CinemachineStateDrivenCamera.cs: aea2468a7384be4ba6d1b043ccec135d -> 
  custom:container-demuxer-ogg: 62fdf1f143b41e24485cea50d1cbac27 -> 
  custom:scripting/monoscript/fileName/CinemachineBlenderSettings.cs: 9adcb80668a56be4cd8e31c1d3dc60ae -> 
  custom:AudioImporter_EditorPlatform: d09bf68614088b80899f8185d706f6e7 -> 
  custom:scripting/monoscript/fileName/SignalSourceAsset.cs: f7ffd463dece56bad278f5a8d3ed7fc6 -> 
  custom:scripting/monoscript/fileName/CinemachineMixingCamera.cs: 739c5ceb76c01023f431794ec46a0177 -> 
  custom:scripting/monoscript/fileName/CinemachineCore.cs: fe6c3be993819098833de1628bfd76b2 -> 
  custom:scripting/monoscript/fileName/CinemachinePath.cs: b443d3c8837a65ddc3c78741cd58ec71 -> 
  custom:scripting/monoscript/fileName/CinemachineImpulseChannelPropertyDrawer.cs: 4b6390a17916751618e2a45cb8d47a80 -> 
  custom:scripting/monoscript/fileName/SerializedPropertyHelper.cs: b04ac165255e34bc2935ca9bf180e209 -> 
  custom:scripting/monoscript/fileName/CinemachineFramingTransposer.cs: 7943c9d436748359882d8f978cf86c91 -> 
  custom:scripting/monoscript/fileName/CinemachineImpulseListenerEditor.cs: d5d28e418f87c111bce1c1b98f1f70ba -> 
  custom:scripting/monoscript/fileName/AxisState.cs: 1a494a66d8b9a58f4a6873f89bf5b094 -> 
  custom:scripting/monoscript/fileName/CinemachineDollyCart.cs: bbe9d07f4a2f7ee5ab002e66cb05f922 -> 
  custom:scripting/monoscript/fileName/CinemachineStoryboard.cs: 59a2099f76be9b47af1e12ed7d40f553 -> 
  custom:scripting/monoscript/fileName/CinemachineClearShot.cs: 1da15f5c7903497ce3ae982ee4ee4779 -> 
  custom:scripting/monoscript/fileName/CinemachinePOVEditor.cs: 71db5a9242a182995b4ca15db516f628 -> 
  custom:scripting/monoscript/fileName/CinemachineMixer.cs: 2e36eb9e732dd7c8a32e8f83daebd6f4 -> 
  custom:scripting/monoscript/fileName/CinemachinePixelPerfect.cs: 2f42bea4517739481ed2553d1616050e -> 
  custom:scripting/monoscript/fileName/CinemachineTrackedDolly.cs: f6a9c21b27ad86d45f62f6b444ccbb49 -> 
  custom:scripting/monoscript/fileName/CinemachineHardLookAtEditor.cs: 15b8f2af6a6d786898ce5dd6b0db26dc -> 
  custom:scripting/monoscript/fileName/CinemachineConfiner.cs: 3813336c17662a5cb6b59ce5f1954254 -> 
  custom:video-codec-MediaFoundation-h265: 746d11721c4dcdbdad8f713fa42b33f4 -> 
  custom:scripting/monoscript/fileName/CinemachineComposer.cs: e399dfd36807c341da7cd182ce299d1e -> 
  custom:scripting/monoscript/fileName/CinemachineTrack.cs: 4b50d47d507c57dc81b82253ec075194 -> 
  custom:scripting/monoscript/fileName/CinemachineSmoothPathEditor.cs: 7555bcba4eb760e012dd21c6730ae562 -> 
  custom:scripting/monoscript/fileName/ScriptableObjectUtility.cs: c529d074f6f57a07e3f410d488963bbc -> 
  custom:scripting/monoscript/fileName/CinemachineBrain.cs: 365b4e0b6319f064062e97b8f8e32c8e -> 
  custom:scripting/monoscript/fileName/CinemachineImpulseDefinitionPropertyDrawer.cs: 1b2fc77b0a80a7e0e9045e0d44fb761c -> 
  custom:scripting/monoscript/fileName/CinemachineColliderPrefs.cs: 47106451d4685409820905badf49b71f -> 
  custom:scripting/monoscript/fileName/CinemachineFollowZoom.cs: eb74e2e98d3dc4647324e113f34710ca -> 
  custom:scripting/monoscript/fileName/CinemachineDebug.cs: 3077ed3b64725184c652d4c07ac732fd -> 
  custom:scripting/monoscript/fileName/CinemachineLensPresets.cs: 014747fb0ab87178c677520d0bf20bf7 -> 
  custom:video-decoder-ogg-theora: a1e56fd34408186e4bbccfd4996cb3dc -> 
  custom:scripting/monoscript/fileName/CinemachineOrbitalTransposer.cs: 71c52878ba6d43827473a480056a99da -> 
  custom:scripting/monoscript/fileName/CinemachineCameraOffset.cs: a6887f67d3eb83cc6393b822d4e65121 -> 
  custom:scripting/monoscript/fileName/ICinemachineCamera.cs: 2faad4f04eaf5d98c2870adbfb06184e -> 
  custom:scripting/monoscript/fileName/CinemachinePathBase.cs: debb99764287c54cae06313e2d6a1fe1 -> 
  custom:scripting/monoscript/fileName/CinemachineImpulseSource.cs: ac073b8453e26c5dd422d5f1a90a7ff2 -> 
  custom:scripting/monoscript/fileName/CinemachineShotPlayable.cs: e346ad1ecb4af45da55274cb9abd9ec0 -> 
  custom:scripting/monoscript/fileName/CinemachineTagFieldPropertyDrawer.cs: e78491a12decd558a49d01cc583bfcfb -> 
  custom:framework-win-MediaFoundation: 216162199b28c13a410421893ffa2e32 -> 
  custom:scripting/monoscript/fileName/CinemachineVolumeSettings.cs: 22782cc3dbf8dfd1cb54e8486f29fe0d -> 
  custom:scripting/monoscript/fileName/CinemachineImpulseEnvelopePropertyDrawer.cs: 07e00c9c84964a5c7e4f3f19e4263ec1 -> 
  custom:scripting/monoscript/fileName/SplineHelpers.cs: 9e5bf4293b3828088291b7871e233a27 -> 
  custom:scripting/monoscript/fileName/CinemachineImpulseSourceEditor.cs: 0ef7804c69c18838aa65e6d5bae5b055 -> 
  custom:scripting/monoscript/fileName/CinemachineExternalCameraEditor.cs: d74df442250b898c9b40669a19100e9d -> 
  custom:scripting/monoscript/fileName/NewBehaviourScript.cs: b21687ddb03d73bd9f0c1daecb9714de -> 
  custom:scripting/monoscript/fileName/CinemachineSameAsFollowTargetEditor.cs: 6def40fc1e39b3242347b6630fb5127e -> 
  custom:scripting/monoscript/fileName/CinemachineTargetGroupEditor.cs: f70ac85df8c1c9bd0b83a35534bafd1f -> 
  custom:scripting/monoscript/fileName/CinemachineRecomposer.cs: 07354cca81f7d0775b027b5906330569 -> 
  custom:scripting/monoscript/fileName/CinemachineTransposer.cs: aa226dd144b3a977b86ea888b85df5fa -> 
  custom:scripting/monoscript/fileName/CinemachineBlendListCameraEditor.cs: dbc12d2a9f3e2999a067290c411b2aca -> 
  custom:scripting/monoscript/fileName/TargetPositionCache.cs: 49ce97e6930a536b43825141e0c2d3a4 -> 
  custom:scripting/monoscript/fileName/CinemachineShot.cs: 3d4d9d05534db20e82d871d98ea52716 -> 
  custom:scripting/monoscript/fileName/CinemachineBasicMultiChannelPerlinEditor.cs: d6749cd6c482efa27bdd41f60394f1b9 -> 
  custom:scripting/monoscript/fileName/UnityVectorExtensions.cs: 052777772edecdffe26d41a6a989641e -> 
  custom:scripting/monoscript/fileName/CinemachineHardLockToTarget.cs: d349308c5b4f600a345055c394206f52 -> 
  custom:scripting/monoscript/fileName/CinemachineImpulseChannels.cs: a9a39cc5ecea1f083db0fce154eec19c -> 
  custom:scripting/monoscript/fileName/CinemachineConfiner2D.cs: beb10be0db8ff9d3a94bd0a150963b9b -> 
  custom:scripting/monoscript/fileName/LensSettings.cs: 4335e899502c57ee4480b8c9aa915366 -> 
  custom:scripting/monoscript/fileName/CinemachineExternalCamera.cs: d76122377115c288d881064c3f07a3f1 -> 
  custom:scripting/monoscript/fileName/Cinemachine3rdPersonAim.cs: 4bd230d915f070bb3cae23bef6f7ab70 -> 
  custom:scripting/monoscript/fileName/ReflectionHelpers.cs: 60a5d38af3e775d0a421a7ff630d61cc -> 
  custom:scripting/monoscript/fileName/CinemachineVirtualCamera.cs: f16f2dc5bc1261579875c19605c45301 -> 
  custom:scripting/monoscript/fileName/Predictor.cs: d51584936cb5b31b30ee7b444e03385b -> 
  custom:scripting/monoscript/fileName/CinemachineImpulseListener.cs: 6aac146243d38e7a67346170caa40ea1 -> 
  custom:scripting/monoscript/fileName/CinemachineOrbitalTransposerEditor.cs: 5ea2e4bec7ee6c24917bd86647f4bffa -> 
  custom:scripting/monoscript/fileName/CinemachineConfiner2DEditor.cs: 3f4b3d9b17ff5cd560135aa24f822994 -> 
  custom:scripting/monoscript/fileName/GroupWeightManipulator.cs: 588749cf3436a8199e762a8e09bc8de7 -> 
  custom:scripting/monoscript/fileName/AxisStatePropertyDrawer.cs: 2d807695a513641e771c78e6c342ff04 -> 
  custom:video-encoder-webm-vp8: eb34c28f22e8b96e1ab97ce403110664 -> 
  custom:scripting/monoscript/fileName/CinemachineScreenComposerGuides.cs: cdc7ea02ccc4c8d1561d98d16760d1ca -> 
  custom:scripting/monoscript/fileName/CinemachinePropertyAttribute.cs: e8158d9725ac3a9129a08e46a4ff7519 -> 
  custom:scripting/monoscript/fileName/CinemachineVirtualCameraEditor.cs: 2e051d0c474634e907fe4123d6e2656e -> 
  custom:scripting/monoscript/fileName/CinemachineMenu.cs: 7b932811d9fa1e44d0d8b2b9ed75adf3 -> 
  custom:scripting/monoscript/fileName/RuntimeUtility.cs: 8c92a9f673836e5d2084dbeb0f10159f -> 
  custom:scripting/monoscript/fileName/CinemachineFreeLook.cs: bebc32b18bc4beddc113bad68624e557 -> 
  custom:scripting/monoscript/fileName/CinemachineSettings.cs: 197f6d5ad32e253546b5afa056a5bba4 -> 
  custom:audio-decoder-ogg-vorbis: bf7c407c2cedff20999df2af8eb42d56 -> 
  custom:scripting/monoscript/fileName/CinemachineGroupComposer.cs: 173a689a80ef321c302f9c045419668f -> 
  custom:scripting/monoscript/fileName/CinemachineVirtualCameraBase.cs: c7e60cccdcb14ee2a33da9fd46c1c54f -> 
  custom:scripting/monoscript/fileName/CinemachineFixedSignal.cs: aedcdca7a861da6e456e0ae105b24c41 -> 
  custom:scripting/monoscript/fileName/CinemachineShotClipEditor.cs: 123a48531bf1d1b4f3c8398556caec62 -> 
  custom:scripting/monoscript/fileName/CinemachineNoiseSettingsEditor.cs: 9056e69d9c759ba2504535054fff31c9 -> 
  custom:scripting/monoscript/fileName/CinemachineTouchInputMapper.cs: b9698729a07a7d31c864247e0582b566 -> 
  custom:scripting/monoscript/fileName/CinemachineTriggerAction.cs: cab9c5d02c28af05797c2c3743539bdb -> 
  custom:scripting/monoscript/fileName/InspectorUtility.cs: e13a8546bf784ce9963c508abb88926b -> 
  custom:CustomObjectIndexerAttribute: 9a22284fe3817be447336de3de66b15e -> 
  custom:scripting/monoscript/fileName/CinemachinePOV.cs: e4df06d1994174afa286b103eb06ee7f -> 
  custom:scripting/monoscript/fileName/CinemachineBlenderSettingsEditor.cs: c57aa7de12bc3e7367ca091f4902c67b -> 
  custom:scripting/monoscript/fileName/CinemachineBlend.cs: f33659d50c4d86144d649aa7e8196529 -> 
  custom:scripting/precompiled-assembly-types:Cinemachine: 54c8b091bb91c32bfeada952c9c53e21 -> 
  custom:scripting/monoscript/fileName/CinemachineImpulseDefinition.cs: 3d434086a2bdaf715abf85e79e9f14b4 -> 
  custom:scripting/precompiled-assembly-types:com.unity.cinemachine.editor: e24bde9f61664824443e2ae04112f2bb -> 
  custom:scripting/monoscript/fileName/CinemachineFreeLookEditor.cs: 9641291977c1891a004ac4c4c259e1c8 -> 
  custom:scripting/monoscript/fileName/CinemachineTransposerEditor.cs: 85841a774ddea4fb7232a7a585f716b4 -> 
  custom:scripting/monoscript/fileName/clipper.cs: 2a50e35a835148907b3c1fa8e187ab2b -> 
  custom:scripting/monoscript/fileName/NoiseSettings.cs: 443d576e0c72ab62870476103c9384ec -> 
  custom:scripting/monoscript/fileName/GaussianFilter.cs: 0a3672ebe80edf7c5daca82445c15683 -> 
  custom:scripting/monoscript/fileName/CinemachineSceneTools.cs: d63880a6073ab3335301b115db235b5b -> 
  custom:scripting/monoscript/fileName/Cinemachine3rdPersonFollowEditor.cs: f79aa162534f81c680877e6274b5d6ec -> 
  custom:scripting/monoscript/fileName/EmbeddedAssetPropertyDrawer.cs: fd7ebc18093de04c88d0cfc86fb060f5 -> 
  custom:container-demuxer-webm: 4f35f7cbe854078d1ac9338744f61a02 -> 
  custom:scripting/monoscript/fileName/CinemachineTriggerActionEditor.cs: 2309a2ec6192ace4cae8bab5a535978e -> 
  custom:scripting/monoscript/fileName/ConfinerOven.cs: ff23c03e90b61beb34474fc6e4ff668c -> 
  custom:scripting/monoscript/fileName/VcamTargetPropertyDrawer.cs: 9208050b1312b118a226fef2d63e8fa1 -> 
  custom:scripting/monoscript/fileName/CinemachineCollisionImpulseSource.cs: 9aae5e368cb7786be199f98f2122f96d -> 
  custom:scripting/monoscript/fileName/CinemachineClearShotEditor.cs: ca8875b47e775cd361c78158d7923690 -> 
  custom:scripting/monoscript/fileName/WaveformWindow.cs: 01bbc4fc017d41a2bab7fb57c988e8da -> 
  custom:scripting/monoscript/fileName/CinemachinePipeline.cs: 6ca7a5979a0a73ea1d450a8fc9b437ef -> 
  custom:scripting/monoscript/fileName/CinemachineEditorAnalytics.cs: de76cc292d7ecedcf47af6616498c9f9 -> 
  custom:scripting/monoscript/fileName/NoiseSettingsPropertyDrawer.cs: 8d3f69ba7eeec63914970bd3136b6ace -> 
  custom:scripting/monoscript/fileName/VcamStageEditor.cs: 84b0eaf932b448975a99972628e556d8 -> 
  custom:scripting/monoscript/fileName/CinemachineBrainEditor.cs: 49621d8b7679c0b5d128fef53d55becd -> 
  custom:scripting/monoscript/fileName/CinemachineFramingTransposerEditor.cs: 1653e1c00b2ca68b1d40f01e5bfb8445 -> 
  custom:scripting/monoscript/fileName/CinemachineShotEditor.cs: 2ba28b209a4ad7f0a791994d2360a9af -> 
  custom:scripting/monoscript/fileName/CinemachineStateDrivenCameraEditor.cs: 77d9f0a97385f936d9b4ffaa686bce39 -> 
  custom:scripting/monoscript/fileName/OrbitalTransposerHeadingPropertyDrawer.cs: 22496b76ce84f35f630c90badc4babd8 -> 
  custom:scripting/monoscript/fileName/BasicMovement.cs: a880b29f2a71af6c65a37a45b20c49c7 -> 
  custom:scripting/monoscript/fileName/CinemachineHardLockToTargetEditor.cs: c65eaafd47115974a2a9379aae467b0e -> 
  custom:scripting/monoscript/fileName/CinemachinePathEditor.cs: ce10985fbf0e018e2dea63fedae131ba -> 
  custom:scripting/monoscript/fileName/CinemachineCollider.cs: 8fa92f525b1c31cd81812685d7f8c288 -> 
  custom:audio-encoder-webm-vorbis: bf7c407c2cedff20999df2af8eb42d56 -> 
  custom:scripting/monoscript/fileName/CameraState.cs: 6ae7088fa20820e052d1e4d86059e90b -> 
  custom:scripting/monoscript/fileName/CameraMe.cs: 7c1f197c71b319c626f5e49d4f89eacb -> 
  custom:scripting/monoscript/fileName/CinemachineToolbarOverlay.cs: 371b6fc494252d6fda34e207e170cb66 -> 
  custom:scripting/monoscript/fileName/CinemachineCollisionImpulseSourceEditor.cs: 29f9a522ec6b23375849ba08fd597c8d -> 
  custom:scripting/monoscript/fileName/CinemachineIndependentImpulseListener.cs: 91ae8748b9c36955c333e57505ff90fb -> 
  custom:scripting/monoscript/fileName/CinemachineMixingCameraEditor.cs: 1c122a21d710512fec62cdc7bd351681 -> 
  custom:scripting/monoscript/fileName/CinemachinePostProcessing.cs: bf9b100a1b61fd5383288bc96487c194 -> 
  custom:scripting/monoscript/fileName/CinemachineInputProvider.cs: ecb845de690695f08b3b3bb647cc7006 -> 
  custom:scripting/monoscript/fileName/CinemachineColliderEditor.cs: 859d1abbd669ee84cb713f6d4d0e1c5f -> 
  custom:scripting/monoscript/fileName/CinemachineSameAsFollowTarget.cs: bcfa2d394e1e5460b4ef3dc039214a16 -> 
  custom:scripting/monoscript/fileName/CinemachineExtension.cs: 6968db4afcdc301f6acb1ef4fbadb2f4 -> 
  custom:scripting/monoscript/fileName/CinemachineTargetGroup.cs: 10a09aa736b3a25da6dd9fc3c4dd9d36 -> 
  custom:scripting/monoscript/fileName/CinemachineVirtualCameraBaseEditor.cs: 13ee4931cd85df4b22852d0547b5e690 -> 
  custom:scripting/monoscript/fileName/UpdateTracker.cs: 3dac8a24a32a32e4bbfeb38ed26ef250 -> 
  custom:scripting/monoscript/fileName/CinemachineComposerEditor.cs: dda533b9c6cb2b366292f584704bd904 -> 
  custom:scripting/monoscript/fileName/Cinemachine3rdPersonFollow.cs: 4600bac2bdf6b37d80e86f9aa5a413c3 -> 
  custom:scripting/monoscript/fileName/CameraFollow.cs: de990732cc429467f8f49571d0872163 -> 
  custom:scripting/monoscript/fileName/EmbeddedAssetHelpers.cs: 90647cc400823b41df847a6cbfc29026 -> 
  custom:scripting/precompiled-assembly-types:Assembly-CSharp: eaca92c3b670a8148fe72fbcf5d47eac -> 67436ea41a9d3017f292b886f19aa56f
  custom:scripting/monoscript/fileName/CinemachineBlendListCamera.cs: 66104ac24fef171d9f5d5b93a8cb2f83 -> 
  custom:scripting/monoscript/fileName/CinemachineComponentBase.cs: 5293f153c13e9bd2fc262ec31ff69206 -> 
  custom:scripting/monoscript/fileName/BaseEditor.cs: 90647cc400823b41df847a6cbfc29026 -> 
  custom:container-muxer-webm: aa71ff27fc2769a1b78a27578f13a17b -> 
  custom:scripting/monoscript/fileName/SaveDuringPlay.cs: de39f1962b337699845d3d8a2e8f5bde -> 
========================================================================
Received Prepare
Caller must complete domain reload
Begin MonoManager ReloadAssembly
- Loaded All Assemblies, in  0.255 seconds
Native extension for WindowsStandalone target not found
Native extension for WebGL target not found
[Package Manager] Server::EnsureServerProcessIsRunning -- launch failed, reason: Unity was launched with the -noUpm command-line argument
[Package Manager] UpmClient::Send -- Unable to send message (not connected to UPM process).
[Package Manager] Cannot connect to Unity Package Manager local server
[Package Manager] Server::EnsureServerProcessIsRunning -- launch failed, reason: Unity was launched with the -noUpm command-line argument
[Package Manager] UpmClient::Send -- Unable to send message (not connected to UPM process).
[Package Manager] Cannot connect to Unity Package Manager local server
Mono: successfully reloaded assembly
[Package Manager] Server::EnsureServerProcessIsRunning -- launch failed, reason: Unity was launched with the -noUpm command-line argument
[Package Manager] UpmClient::Send -- Unable to send message (not connected to UPM process).
[Package Manager] Cannot connect to Unity Package Manager local server
- Finished resetting the current domain, in  0.657 seconds
Domain Reload Profiling: 912ms
	BeginReloadAssembly (108ms)
		ExecutionOrderSort (0ms)
		DisableScriptedObjects (2ms)
		BackupInstance (0ms)
		ReleaseScriptingObjects (0ms)
		CreateAndSetChildDomain (23ms)
	RebuildCommonClasses (20ms)
	RebuildNativeTypeToScriptingClass (10ms)
	initialDomainReloadingComplete (19ms)
	LoadAllAssembliesAndSetupDomain (99ms)
		LoadAssemblies (150ms)
		RebuildTransferFunctionScriptingTraits (0ms)
		AnalyzeDomain (6ms)
			TypeCache.Refresh (3ms)
				TypeCache.ScanAssembly (0ms)
			ScanForSourceGeneratedMonoScriptInfo (0ms)
			ResolveRequiredComponents (2ms)
	FinalizeReload (657ms)
		ReleaseScriptCaches (0ms)
		RebuildScriptCaches (0ms)
		SetupLoadedEditorAssemblies (466ms)
			LogAssemblyErrors (0ms)
			InitializePlatformSupportModulesInManaged (4ms)
			SetLoadedEditorAssemblies (2ms)
			RefreshPlugins (0ms)
			BeforeProcessingInitializeOnLoad (32ms)
			ProcessInitializeOnLoadAttributes (405ms)
			ProcessInitializeOnLoadMethodAttributes (21ms)
			AfterProcessingInitializeOnLoad (2ms)
			EditorAssembliesLoaded (0ms)
		ExecutionOrderSort2 (0ms)
		AwakeInstancesAfterBackupRestoration (6ms)
Refreshing native plugins compatible for Editor in 0.99 ms, found 2 plugins.
Preloading 0 native plugins for Editor in 0.00 ms.
Unloading 1823 Unused Serialized files (Serialized files now loaded: 0)
Unloading 12 unused Assets / (131.8 KB). Loaded Objects now: 2451.
Memory consumption went from 95.8 MB to 95.7 MB.
Total: 2.641000 ms (FindLiveObjects: 0.110700 ms CreateObjectMapping: 0.030100 ms MarkObjects: 2.377000 ms  DeleteObjects: 0.122200 ms)

Prepare: number of updated asset objects reloaded= 0
AssetImportParameters requested are different than current active one (requested -> active):
  custom:scripting/monoscript/fileName/CinemachineGroupComposerEditor.cs: 54a07f36704e77a685a5e7e8c8b2c216 -> 
  custom:video-decoder-webm-vp8: 9c59270c3fd7afecdb556c50c9e8de78 -> 
  custom:scripting/monoscript/fileName/CinemachineConfinerEditor.cs: cc6c898a3390647ab91613c8a96de4b4 -> 
  custom:scripting/monoscript/fileName/CinemachineHardLookAt.cs: 792580aec23d39bcecd7ceea4c27a0ce -> 
  custom:scripting/monoscript/fileName/CinemachineInputAxisDriver.cs: 7e424e54660fed310c58dc98ea41042e -> 
  custom:scripting/monoscript/fileName/CinemachineStoryboardEditor.cs: 2e7ec8bfb72013eaaff4873a27da019c -> 
  custom:scripting/monoscript/fileName/CinemachineBasicMultiChannelPerlin.cs: bd5416e75860cd63657371207eb79058 -> 
  custom:scripting/monoscript/fileName/CinemachineBlendDefinitionPropertyDrawer.cs: 7ae344d19d646b738f3c65294becf216 -> 
  custom:scripting/monoscript/fileName/CinemachineTrackedDollyEditor.cs: b4d6784c58752cea58aafd9a76ca4459 -> 
  custom:scripting/monoscript/fileName/CinemachineImpulseManager.cs: c34be3577a810e26fd0110c580799b88 -> 
  custom:scripting/monoscript/fileName/CinemachineSmoothPath.cs: c28db2688f35d70587b5f943431a010a -> 
  custom:SearchIndexIgnoredProperties: e643bd26f0fe6173181afceb89e7c659 -> 
  custom:scripting/monoscript/fileName/CinemachineStateDrivenCamera.cs: aea2468a7384be4ba6d1b043ccec135d -> 
  custom:container-demuxer-ogg: 62fdf1f143b41e24485cea50d1cbac27 -> 
  custom:scripting/monoscript/fileName/CinemachineBlenderSettings.cs: 9adcb80668a56be4cd8e31c1d3dc60ae -> 
  custom:AudioImporter_EditorPlatform: d09bf68614088b80899f8185d706f6e7 -> 
  custom:scripting/monoscript/fileName/SignalSourceAsset.cs: f7ffd463dece56bad278f5a8d3ed7fc6 -> 
  custom:scripting/monoscript/fileName/CinemachineMixingCamera.cs: 739c5ceb76c01023f431794ec46a0177 -> 
  custom:scripting/monoscript/fileName/CinemachineCore.cs: fe6c3be993819098833de1628bfd76b2 -> 
  custom:scripting/monoscript/fileName/CinemachinePath.cs: b443d3c8837a65ddc3c78741cd58ec71 -> 
  custom:scripting/monoscript/fileName/CinemachineImpulseChannelPropertyDrawer.cs: 4b6390a17916751618e2a45cb8d47a80 -> 
  custom:scripting/monoscript/fileName/SerializedPropertyHelper.cs: b04ac165255e34bc2935ca9bf180e209 -> 
  custom:scripting/monoscript/fileName/CinemachineFramingTransposer.cs: 7943c9d436748359882d8f978cf86c91 -> 
  custom:scripting/monoscript/fileName/CinemachineImpulseListenerEditor.cs: d5d28e418f87c111bce1c1b98f1f70ba -> 
  custom:scripting/monoscript/fileName/AxisState.cs: 1a494a66d8b9a58f4a6873f89bf5b094 -> 
  custom:scripting/monoscript/fileName/CinemachineDollyCart.cs: bbe9d07f4a2f7ee5ab002e66cb05f922 -> 
  custom:scripting/monoscript/fileName/CinemachineStoryboard.cs: 59a2099f76be9b47af1e12ed7d40f553 -> 
  custom:scripting/monoscript/fileName/CinemachineClearShot.cs: 1da15f5c7903497ce3ae982ee4ee4779 -> 
  custom:scripting/monoscript/fileName/CinemachinePOVEditor.cs: 71db5a9242a182995b4ca15db516f628 -> 
  custom:scripting/monoscript/fileName/CinemachineMixer.cs: 2e36eb9e732dd7c8a32e8f83daebd6f4 -> 
  custom:scripting/monoscript/fileName/CinemachinePixelPerfect.cs: 2f42bea4517739481ed2553d1616050e -> 
  custom:scripting/monoscript/fileName/CinemachineTrackedDolly.cs: f6a9c21b27ad86d45f62f6b444ccbb49 -> 
  custom:scripting/monoscript/fileName/CinemachineHardLookAtEditor.cs: 15b8f2af6a6d786898ce5dd6b0db26dc -> 
  custom:scripting/monoscript/fileName/CinemachineConfiner.cs: 3813336c17662a5cb6b59ce5f1954254 -> 
  custom:video-codec-MediaFoundation-h265: 746d11721c4dcdbdad8f713fa42b33f4 -> 
  custom:scripting/monoscript/fileName/CinemachineComposer.cs: e399dfd36807c341da7cd182ce299d1e -> 
  custom:scripting/monoscript/fileName/CinemachineTrack.cs: 4b50d47d507c57dc81b82253ec075194 -> 
  custom:scripting/monoscript/fileName/CinemachineSmoothPathEditor.cs: 7555bcba4eb760e012dd21c6730ae562 -> 
  custom:scripting/monoscript/fileName/ScriptableObjectUtility.cs: c529d074f6f57a07e3f410d488963bbc -> 
  custom:scripting/monoscript/fileName/CinemachineBrain.cs: 365b4e0b6319f064062e97b8f8e32c8e -> 
  custom:scripting/monoscript/fileName/CinemachineImpulseDefinitionPropertyDrawer.cs: 1b2fc77b0a80a7e0e9045e0d44fb761c -> 
  custom:scripting/monoscript/fileName/CinemachineColliderPrefs.cs: 47106451d4685409820905badf49b71f -> 
  custom:scripting/monoscript/fileName/CinemachineFollowZoom.cs: eb74e2e98d3dc4647324e113f34710ca -> 
  custom:scripting/monoscript/fileName/CinemachineDebug.cs: 3077ed3b64725184c652d4c07ac732fd -> 
  custom:scripting/monoscript/fileName/CinemachineLensPresets.cs: 014747fb0ab87178c677520d0bf20bf7 -> 
  custom:video-decoder-ogg-theora: a1e56fd34408186e4bbccfd4996cb3dc -> 
  custom:scripting/monoscript/fileName/CinemachineOrbitalTransposer.cs: 71c52878ba6d43827473a480056a99da -> 
  custom:scripting/monoscript/fileName/CinemachineCameraOffset.cs: a6887f67d3eb83cc6393b822d4e65121 -> 
  custom:scripting/monoscript/fileName/ICinemachineCamera.cs: 2faad4f04eaf5d98c2870adbfb06184e -> 
  custom:scripting/monoscript/fileName/CinemachinePathBase.cs: debb99764287c54cae06313e2d6a1fe1 -> 
  custom:scripting/monoscript/fileName/CinemachineImpulseSource.cs: ac073b8453e26c5dd422d5f1a90a7ff2 -> 
  custom:scripting/monoscript/fileName/CinemachineShotPlayable.cs: e346ad1ecb4af45da55274cb9abd9ec0 -> 
  custom:scripting/monoscript/fileName/CinemachineTagFieldPropertyDrawer.cs: e78491a12decd558a49d01cc583bfcfb -> 
  custom:framework-win-MediaFoundation: 216162199b28c13a410421893ffa2e32 -> 
  custom:scripting/monoscript/fileName/CinemachineVolumeSettings.cs: 22782cc3dbf8dfd1cb54e8486f29fe0d -> 
  custom:scripting/monoscript/fileName/CinemachineImpulseEnvelopePropertyDrawer.cs: 07e00c9c84964a5c7e4f3f19e4263ec1 -> 
  custom:scripting/monoscript/fileName/SplineHelpers.cs: 9e5bf4293b3828088291b7871e233a27 -> 
  custom:scripting/monoscript/fileName/CinemachineImpulseSourceEditor.cs: 0ef7804c69c18838aa65e6d5bae5b055 -> 
  custom:scripting/monoscript/fileName/CinemachineExternalCameraEditor.cs: d74df442250b898c9b40669a19100e9d -> 
  custom:scripting/monoscript/fileName/NewBehaviourScript.cs: b21687ddb03d73bd9f0c1daecb9714de -> 
  custom:scripting/monoscript/fileName/CinemachineSameAsFollowTargetEditor.cs: 6def40fc1e39b3242347b6630fb5127e -> 
  custom:scripting/monoscript/fileName/CinemachineTargetGroupEditor.cs: f70ac85df8c1c9bd0b83a35534bafd1f -> 
  custom:scripting/monoscript/fileName/CinemachineRecomposer.cs: 07354cca81f7d0775b027b5906330569 -> 
  custom:scripting/monoscript/fileName/CinemachineTransposer.cs: aa226dd144b3a977b86ea888b85df5fa -> 
  custom:scripting/monoscript/fileName/CinemachineBlendListCameraEditor.cs: dbc12d2a9f3e2999a067290c411b2aca -> 
  custom:scripting/monoscript/fileName/TargetPositionCache.cs: 49ce97e6930a536b43825141e0c2d3a4 -> 
  custom:scripting/monoscript/fileName/CinemachineShot.cs: 3d4d9d05534db20e82d871d98ea52716 -> 
  custom:scripting/monoscript/fileName/CinemachineBasicMultiChannelPerlinEditor.cs: d6749cd6c482efa27bdd41f60394f1b9 -> 
  custom:scripting/monoscript/fileName/UnityVectorExtensions.cs: 052777772edecdffe26d41a6a989641e -> 
  custom:scripting/monoscript/fileName/CinemachineHardLockToTarget.cs: d349308c5b4f600a345055c394206f52 -> 
  custom:scripting/monoscript/fileName/CinemachineImpulseChannels.cs: a9a39cc5ecea1f083db0fce154eec19c -> 
  custom:scripting/monoscript/fileName/CinemachineConfiner2D.cs: beb10be0db8ff9d3a94bd0a150963b9b -> 
  custom:scripting/monoscript/fileName/LensSettings.cs: 4335e899502c57ee4480b8c9aa915366 -> 
  custom:scripting/monoscript/fileName/CinemachineExternalCamera.cs: d76122377115c288d881064c3f07a3f1 -> 
  custom:scripting/monoscript/fileName/Cinemachine3rdPersonAim.cs: 4bd230d915f070bb3cae23bef6f7ab70 -> 
  custom:scripting/monoscript/fileName/ReflectionHelpers.cs: 60a5d38af3e775d0a421a7ff630d61cc -> 
  custom:scripting/monoscript/fileName/CinemachineVirtualCamera.cs: f16f2dc5bc1261579875c19605c45301 -> 
  custom:scripting/monoscript/fileName/Predictor.cs: d51584936cb5b31b30ee7b444e03385b -> 
  custom:scripting/monoscript/fileName/CinemachineImpulseListener.cs: 6aac146243d38e7a67346170caa40ea1 -> 
  custom:scripting/monoscript/fileName/CinemachineOrbitalTransposerEditor.cs: 5ea2e4bec7ee6c24917bd86647f4bffa -> 
  custom:scripting/monoscript/fileName/CinemachineConfiner2DEditor.cs: 3f4b3d9b17ff5cd560135aa24f822994 -> 
  custom:scripting/monoscript/fileName/GroupWeightManipulator.cs: 588749cf3436a8199e762a8e09bc8de7 -> 
  custom:scripting/monoscript/fileName/AxisStatePropertyDrawer.cs: 2d807695a513641e771c78e6c342ff04 -> 
  custom:video-encoder-webm-vp8: eb34c28f22e8b96e1ab97ce403110664 -> 
  custom:scripting/monoscript/fileName/CinemachineScreenComposerGuides.cs: cdc7ea02ccc4c8d1561d98d16760d1ca -> 
  custom:scripting/monoscript/fileName/CinemachinePropertyAttribute.cs: e8158d9725ac3a9129a08e46a4ff7519 -> 
  custom:scripting/monoscript/fileName/CinemachineVirtualCameraEditor.cs: 2e051d0c474634e907fe4123d6e2656e -> 
  custom:scripting/monoscript/fileName/CinemachineMenu.cs: 7b932811d9fa1e44d0d8b2b9ed75adf3 -> 
  custom:scripting/monoscript/fileName/RuntimeUtility.cs: 8c92a9f673836e5d2084dbeb0f10159f -> 
  custom:scripting/monoscript/fileName/CinemachineFreeLook.cs: bebc32b18bc4beddc113bad68624e557 -> 
  custom:scripting/monoscript/fileName/CinemachineSettings.cs: 197f6d5ad32e253546b5afa056a5bba4 -> 
  custom:audio-decoder-ogg-vorbis: bf7c407c2cedff20999df2af8eb42d56 -> 
  custom:scripting/monoscript/fileName/CinemachineGroupComposer.cs: 173a689a80ef321c302f9c045419668f -> 
  custom:scripting/monoscript/fileName/CinemachineVirtualCameraBase.cs: c7e60cccdcb14ee2a33da9fd46c1c54f -> 
  custom:scripting/monoscript/fileName/CinemachineFixedSignal.cs: aedcdca7a861da6e456e0ae105b24c41 -> 
  custom:scripting/monoscript/fileName/CinemachineShotClipEditor.cs: 123a48531bf1d1b4f3c8398556caec62 -> 
  custom:scripting/monoscript/fileName/CinemachineNoiseSettingsEditor.cs: 9056e69d9c759ba2504535054fff31c9 -> 
  custom:scripting/monoscript/fileName/CinemachineTouchInputMapper.cs: b9698729a07a7d31c864247e0582b566 -> 
  custom:scripting/monoscript/fileName/CinemachineTriggerAction.cs: cab9c5d02c28af05797c2c3743539bdb -> 
  custom:scripting/monoscript/fileName/InspectorUtility.cs: e13a8546bf784ce9963c508abb88926b -> 
  custom:CustomObjectIndexerAttribute: 9a22284fe3817be447336de3de66b15e -> 
  custom:scripting/monoscript/fileName/CinemachinePOV.cs: e4df06d1994174afa286b103eb06ee7f -> 
  custom:scripting/monoscript/fileName/CinemachineBlenderSettingsEditor.cs: c57aa7de12bc3e7367ca091f4902c67b -> 
  custom:scripting/monoscript/fileName/CinemachineBlend.cs: f33659d50c4d86144d649aa7e8196529 -> 
  custom:scripting/precompiled-assembly-types:Cinemachine: 54c8b091bb91c32bfeada952c9c53e21 -> 
  custom:scripting/monoscript/fileName/CinemachineImpulseDefinition.cs: 3d434086a2bdaf715abf85e79e9f14b4 -> 
  custom:scripting/precompiled-assembly-types:com.unity.cinemachine.editor: e24bde9f61664824443e2ae04112f2bb -> 
  custom:scripting/monoscript/fileName/CinemachineFreeLookEditor.cs: 9641291977c1891a004ac4c4c259e1c8 -> 
  custom:scripting/monoscript/fileName/CinemachineTransposerEditor.cs: 85841a774ddea4fb7232a7a585f716b4 -> 
  custom:scripting/monoscript/fileName/clipper.cs: 2a50e35a835148907b3c1fa8e187ab2b -> 
  custom:scripting/monoscript/fileName/NoiseSettings.cs: 443d576e0c72ab62870476103c9384ec -> 
  custom:scripting/monoscript/fileName/GaussianFilter.cs: 0a3672ebe80edf7c5daca82445c15683 -> 
  custom:scripting/monoscript/fileName/CinemachineSceneTools.cs: d63880a6073ab3335301b115db235b5b -> 
  custom:scripting/monoscript/fileName/Cinemachine3rdPersonFollowEditor.cs: f79aa162534f81c680877e6274b5d6ec -> 
  custom:scripting/monoscript/fileName/EmbeddedAssetPropertyDrawer.cs: fd7ebc18093de04c88d0cfc86fb060f5 -> 
  custom:container-demuxer-webm: 4f35f7cbe854078d1ac9338744f61a02 -> 
  custom:scripting/monoscript/fileName/CinemachineTriggerActionEditor.cs: 2309a2ec6192ace4cae8bab5a535978e -> 
  custom:scripting/monoscript/fileName/ConfinerOven.cs: ff23c03e90b61beb34474fc6e4ff668c -> 
  custom:scripting/monoscript/fileName/VcamTargetPropertyDrawer.cs: 9208050b1312b118a226fef2d63e8fa1 -> 
  custom:scripting/monoscript/fileName/CinemachineCollisionImpulseSource.cs: 9aae5e368cb7786be199f98f2122f96d -> 
  custom:scripting/monoscript/fileName/CinemachineClearShotEditor.cs: ca8875b47e775cd361c78158d7923690 -> 
  custom:scripting/monoscript/fileName/WaveformWindow.cs: 01bbc4fc017d41a2bab7fb57c988e8da -> 
  custom:scripting/monoscript/fileName/CinemachinePipeline.cs: 6ca7a5979a0a73ea1d450a8fc9b437ef -> 
  custom:scripting/monoscript/fileName/CinemachineEditorAnalytics.cs: de76cc292d7ecedcf47af6616498c9f9 -> 
  custom:scripting/monoscript/fileName/NoiseSettingsPropertyDrawer.cs: 8d3f69ba7eeec63914970bd3136b6ace -> 
  custom:scripting/monoscript/fileName/VcamStageEditor.cs: 84b0eaf932b448975a99972628e556d8 -> 
  custom:scripting/monoscript/fileName/CinemachineBrainEditor.cs: 49621d8b7679c0b5d128fef53d55becd -> 
  custom:scripting/monoscript/fileName/CinemachineFramingTransposerEditor.cs: 1653e1c00b2ca68b1d40f01e5bfb8445 -> 
  custom:scripting/monoscript/fileName/CinemachineShotEditor.cs: 2ba28b209a4ad7f0a791994d2360a9af -> 
  custom:scripting/monoscript/fileName/CinemachineStateDrivenCameraEditor.cs: 77d9f0a97385f936d9b4ffaa686bce39 -> 
  custom:scripting/monoscript/fileName/OrbitalTransposerHeadingPropertyDrawer.cs: 22496b76ce84f35f630c90badc4babd8 -> 
  custom:scripting/monoscript/fileName/BasicMovement.cs: a880b29f2a71af6c65a37a45b20c49c7 -> 
  custom:scripting/monoscript/fileName/CinemachineHardLockToTargetEditor.cs: c65eaafd47115974a2a9379aae467b0e -> 
  custom:scripting/monoscript/fileName/CinemachinePathEditor.cs: ce10985fbf0e018e2dea63fedae131ba -> 
  custom:scripting/monoscript/fileName/CinemachineCollider.cs: 8fa92f525b1c31cd81812685d7f8c288 -> 
  custom:audio-encoder-webm-vorbis: bf7c407c2cedff20999df2af8eb42d56 -> 
  custom:scripting/monoscript/fileName/CameraState.cs: 6ae7088fa20820e052d1e4d86059e90b -> 
  custom:scripting/monoscript/fileName/CameraMe.cs: 7c1f197c71b319c626f5e49d4f89eacb -> 
  custom:scripting/monoscript/fileName/CinemachineToolbarOverlay.cs: 371b6fc494252d6fda34e207e170cb66 -> 
  custom:scripting/monoscript/fileName/CinemachineCollisionImpulseSourceEditor.cs: 29f9a522ec6b23375849ba08fd597c8d -> 
  custom:scripting/monoscript/fileName/CinemachineIndependentImpulseListener.cs: 91ae8748b9c36955c333e57505ff90fb -> 
  custom:scripting/monoscript/fileName/CinemachineMixingCameraEditor.cs: 1c122a21d710512fec62cdc7bd351681 -> 
  custom:scripting/monoscript/fileName/CinemachinePostProcessing.cs: bf9b100a1b61fd5383288bc96487c194 -> 
  custom:scripting/monoscript/fileName/CinemachineInputProvider.cs: ecb845de690695f08b3b3bb647cc7006 -> 
  custom:scripting/monoscript/fileName/CinemachineColliderEditor.cs: 859d1abbd669ee84cb713f6d4d0e1c5f -> 
  custom:scripting/monoscript/fileName/CinemachineSameAsFollowTarget.cs: bcfa2d394e1e5460b4ef3dc039214a16 -> 
  custom:scripting/monoscript/fileName/CinemachineExtension.cs: 6968db4afcdc301f6acb1ef4fbadb2f4 -> 
  custom:scripting/monoscript/fileName/CinemachineTargetGroup.cs: 10a09aa736b3a25da6dd9fc3c4dd9d36 -> 
  custom:scripting/monoscript/fileName/CinemachineVirtualCameraBaseEditor.cs: 13ee4931cd85df4b22852d0547b5e690 -> 
  custom:scripting/monoscript/fileName/UpdateTracker.cs: 3dac8a24a32a32e4bbfeb38ed26ef250 -> 
  custom:scripting/monoscript/fileName/CinemachineComposerEditor.cs: dda533b9c6cb2b366292f584704bd904 -> 
  custom:scripting/monoscript/fileName/Cinemachine3rdPersonFollow.cs: 4600bac2bdf6b37d80e86f9aa5a413c3 -> 
  custom:scripting/monoscript/fileName/CameraFollow.cs: de990732cc429467f8f49571d0872163 -> 
  custom:scripting/monoscript/fileName/EmbeddedAssetHelpers.cs: 90647cc400823b41df847a6cbfc29026 -> 
  custom:scripting/precompiled-assembly-types:Assembly-CSharp: eaca92c3b670a8148fe72fbcf5d47eac -> 67436ea41a9d3017f292b886f19aa56f
  custom:scripting/monoscript/fileName/CinemachineBlendListCamera.cs: 66104ac24fef171d9f5d5b93a8cb2f83 -> 
  custom:scripting/monoscript/fileName/CinemachineComponentBase.cs: 5293f153c13e9bd2fc262ec31ff69206 -> 
  custom:scripting/monoscript/fileName/BaseEditor.cs: 90647cc400823b41df847a6cbfc29026 -> 
  custom:container-muxer-webm: aa71ff27fc2769a1b78a27578f13a17b -> 
  custom:scripting/monoscript/fileName/SaveDuringPlay.cs: de39f1962b337699845d3d8a2e8f5bde -> 
========================================================================
Received Prepare
Caller must complete domain reload
Begin MonoManager ReloadAssembly
- Loaded All Assemblies, in  0.260 seconds
Native extension for WindowsStandalone target not found
Native extension for WebGL target not found
[Package Manager] Server::EnsureServerProcessIsRunning -- launch failed, reason: Unity was launched with the -noUpm command-line argument
[Package Manager] UpmClient::Send -- Unable to send message (not connected to UPM process).
[Package Manager] Cannot connect to Unity Package Manager local server
[Package Manager] Server::EnsureServerProcessIsRunning -- launch failed, reason: Unity was launched with the -noUpm command-line argument
[Package Manager] UpmClient::Send -- Unable to send message (not connected to UPM process).
[Package Manager] Cannot connect to Unity Package Manager local server
Mono: successfully reloaded assembly
[Package Manager] Server::EnsureServerProcessIsRunning -- launch failed, reason: Unity was launched with the -noUpm command-line argument
[Package Manager] UpmClient::Send -- Unable to send message (not connected to UPM process).
[Package Manager] Cannot connect to Unity Package Manager local server
- Finished resetting the current domain, in  0.667 seconds
Domain Reload Profiling: 927ms
	BeginReloadAssembly (107ms)
		ExecutionOrderSort (0ms)
		DisableScriptedObjects (2ms)
		BackupInstance (0ms)
		ReleaseScriptingObjects (0ms)
		CreateAndSetChildDomain (26ms)
	RebuildCommonClasses (24ms)
	RebuildNativeTypeToScriptingClass (7ms)
	initialDomainReloadingComplete (18ms)
	LoadAllAssembliesAndSetupDomain (105ms)
		LoadAssemblies (152ms)
		RebuildTransferFunctionScriptingTraits (0ms)
		AnalyzeDomain (8ms)
			TypeCache.Refresh (4ms)
				TypeCache.ScanAssembly (0ms)
			ScanForSourceGeneratedMonoScriptInfo (0ms)
			ResolveRequiredComponents (4ms)
	FinalizeReload (667ms)
		ReleaseScriptCaches (0ms)
		RebuildScriptCaches (0ms)
		SetupLoadedEditorAssemblies (466ms)
			LogAssemblyErrors (0ms)
			InitializePlatformSupportModulesInManaged (4ms)
			SetLoadedEditorAssemblies (2ms)
			RefreshPlugins (0ms)
			BeforeProcessingInitializeOnLoad (35ms)
			ProcessInitializeOnLoadAttributes (402ms)
			ProcessInitializeOnLoadMethodAttributes (21ms)
			AfterProcessingInitializeOnLoad (2ms)
			EditorAssembliesLoaded (0ms)
		ExecutionOrderSort2 (0ms)
		AwakeInstancesAfterBackupRestoration (5ms)
Refreshing native plugins compatible for Editor in 0.89 ms, found 2 plugins.
Preloading 0 native plugins for Editor in 0.00 ms.
Unloading 1823 Unused Serialized files (Serialized files now loaded: 0)
Unloading 12 unused Assets / (132.0 KB). Loaded Objects now: 2467.
Memory consumption went from 95.8 MB to 95.7 MB.
Total: 2.663100 ms (FindLiveObjects: 0.104900 ms CreateObjectMapping: 0.039500 ms MarkObjects: 2.447100 ms  DeleteObjects: 0.071200 ms)

Prepare: number of updated asset objects reloaded= 0
AssetImportParameters requested are different than current active one (requested -> active):
  custom:scripting/monoscript/fileName/CinemachineGroupComposerEditor.cs: 54a07f36704e77a685a5e7e8c8b2c216 -> 
  custom:video-decoder-webm-vp8: 9c59270c3fd7afecdb556c50c9e8de78 -> 
  custom:scripting/monoscript/fileName/CinemachineConfinerEditor.cs: cc6c898a3390647ab91613c8a96de4b4 -> 
  custom:scripting/monoscript/fileName/CinemachineHardLookAt.cs: 792580aec23d39bcecd7ceea4c27a0ce -> 
  custom:scripting/monoscript/fileName/CinemachineInputAxisDriver.cs: 7e424e54660fed310c58dc98ea41042e -> 
  custom:scripting/monoscript/fileName/CinemachineStoryboardEditor.cs: 2e7ec8bfb72013eaaff4873a27da019c -> 
  custom:scripting/monoscript/fileName/CinemachineBasicMultiChannelPerlin.cs: bd5416e75860cd63657371207eb79058 -> 
  custom:scripting/monoscript/fileName/CinemachineBlendDefinitionPropertyDrawer.cs: 7ae344d19d646b738f3c65294becf216 -> 
  custom:scripting/monoscript/fileName/CinemachineTrackedDollyEditor.cs: b4d6784c58752cea58aafd9a76ca4459 -> 
  custom:scripting/monoscript/fileName/CinemachineImpulseManager.cs: c34be3577a810e26fd0110c580799b88 -> 
  custom:scripting/monoscript/fileName/CinemachineSmoothPath.cs: c28db2688f35d70587b5f943431a010a -> 
  custom:SearchIndexIgnoredProperties: e643bd26f0fe6173181afceb89e7c659 -> 
  custom:scripting/monoscript/fileName/CinemachineStateDrivenCamera.cs: aea2468a7384be4ba6d1b043ccec135d -> 
  custom:container-demuxer-ogg: 62fdf1f143b41e24485cea50d1cbac27 -> 
  custom:scripting/monoscript/fileName/CinemachineBlenderSettings.cs: 9adcb80668a56be4cd8e31c1d3dc60ae -> 
  custom:AudioImporter_EditorPlatform: d09bf68614088b80899f8185d706f6e7 -> 
  custom:scripting/monoscript/fileName/SignalSourceAsset.cs: f7ffd463dece56bad278f5a8d3ed7fc6 -> 
  custom:scripting/monoscript/fileName/CinemachineMixingCamera.cs: 739c5ceb76c01023f431794ec46a0177 -> 
  custom:scripting/monoscript/fileName/CinemachineCore.cs: fe6c3be993819098833de1628bfd76b2 -> 
  custom:scripting/monoscript/fileName/CinemachinePath.cs: b443d3c8837a65ddc3c78741cd58ec71 -> 
  custom:scripting/monoscript/fileName/CinemachineImpulseChannelPropertyDrawer.cs: 4b6390a17916751618e2a45cb8d47a80 -> 
  custom:scripting/monoscript/fileName/SerializedPropertyHelper.cs: b04ac165255e34bc2935ca9bf180e209 -> 
  custom:scripting/monoscript/fileName/CinemachineFramingTransposer.cs: 7943c9d436748359882d8f978cf86c91 -> 
  custom:scripting/monoscript/fileName/CinemachineImpulseListenerEditor.cs: d5d28e418f87c111bce1c1b98f1f70ba -> 
  custom:scripting/monoscript/fileName/AxisState.cs: 1a494a66d8b9a58f4a6873f89bf5b094 -> 
  custom:scripting/monoscript/fileName/CinemachineDollyCart.cs: bbe9d07f4a2f7ee5ab002e66cb05f922 -> 
  custom:scripting/monoscript/fileName/CinemachineStoryboard.cs: 59a2099f76be9b47af1e12ed7d40f553 -> 
  custom:scripting/monoscript/fileName/CinemachineClearShot.cs: 1da15f5c7903497ce3ae982ee4ee4779 -> 
  custom:scripting/monoscript/fileName/CinemachinePOVEditor.cs: 71db5a9242a182995b4ca15db516f628 -> 
  custom:scripting/monoscript/fileName/CinemachineMixer.cs: 2e36eb9e732dd7c8a32e8f83daebd6f4 -> 
  custom:scripting/monoscript/fileName/CinemachinePixelPerfect.cs: 2f42bea4517739481ed2553d1616050e -> 
  custom:scripting/monoscript/fileName/CinemachineTrackedDolly.cs: f6a9c21b27ad86d45f62f6b444ccbb49 -> 
  custom:scripting/monoscript/fileName/CinemachineHardLookAtEditor.cs: 15b8f2af6a6d786898ce5dd6b0db26dc -> 
  custom:scripting/monoscript/fileName/CinemachineConfiner.cs: 3813336c17662a5cb6b59ce5f1954254 -> 
  custom:video-codec-MediaFoundation-h265: 746d11721c4dcdbdad8f713fa42b33f4 -> 
  custom:scripting/monoscript/fileName/CinemachineComposer.cs: e399dfd36807c341da7cd182ce299d1e -> 
  custom:scripting/monoscript/fileName/CinemachineTrack.cs: 4b50d47d507c57dc81b82253ec075194 -> 
  custom:scripting/monoscript/fileName/CinemachineSmoothPathEditor.cs: 7555bcba4eb760e012dd21c6730ae562 -> 
  custom:scripting/monoscript/fileName/ScriptableObjectUtility.cs: c529d074f6f57a07e3f410d488963bbc -> 
  custom:scripting/monoscript/fileName/CinemachineBrain.cs: 365b4e0b6319f064062e97b8f8e32c8e -> 
  custom:scripting/monoscript/fileName/CinemachineImpulseDefinitionPropertyDrawer.cs: 1b2fc77b0a80a7e0e9045e0d44fb761c -> 
  custom:scripting/monoscript/fileName/CinemachineColliderPrefs.cs: 47106451d4685409820905badf49b71f -> 
  custom:scripting/monoscript/fileName/CinemachineFollowZoom.cs: eb74e2e98d3dc4647324e113f34710ca -> 
  custom:scripting/monoscript/fileName/CinemachineDebug.cs: 3077ed3b64725184c652d4c07ac732fd -> 
  custom:scripting/monoscript/fileName/CinemachineLensPresets.cs: 014747fb0ab87178c677520d0bf20bf7 -> 
  custom:video-decoder-ogg-theora: a1e56fd34408186e4bbccfd4996cb3dc -> 
  custom:scripting/monoscript/fileName/CinemachineOrbitalTransposer.cs: 71c52878ba6d43827473a480056a99da -> 
  custom:scripting/monoscript/fileName/CinemachineCameraOffset.cs: a6887f67d3eb83cc6393b822d4e65121 -> 
  custom:scripting/monoscript/fileName/ICinemachineCamera.cs: 2faad4f04eaf5d98c2870adbfb06184e -> 
  custom:scripting/monoscript/fileName/CinemachinePathBase.cs: debb99764287c54cae06313e2d6a1fe1 -> 
  custom:scripting/monoscript/fileName/CinemachineImpulseSource.cs: ac073b8453e26c5dd422d5f1a90a7ff2 -> 
  custom:scripting/monoscript/fileName/CinemachineShotPlayable.cs: e346ad1ecb4af45da55274cb9abd9ec0 -> 
  custom:scripting/monoscript/fileName/CinemachineTagFieldPropertyDrawer.cs: e78491a12decd558a49d01cc583bfcfb -> 
  custom:framework-win-MediaFoundation: 216162199b28c13a410421893ffa2e32 -> 
  custom:scripting/monoscript/fileName/CinemachineVolumeSettings.cs: 22782cc3dbf8dfd1cb54e8486f29fe0d -> 
  custom:scripting/monoscript/fileName/CinemachineImpulseEnvelopePropertyDrawer.cs: 07e00c9c84964a5c7e4f3f19e4263ec1 -> 
  custom:scripting/monoscript/fileName/SplineHelpers.cs: 9e5bf4293b3828088291b7871e233a27 -> 
  custom:scripting/monoscript/fileName/CinemachineImpulseSourceEditor.cs: 0ef7804c69c18838aa65e6d5bae5b055 -> 
  custom:scripting/monoscript/fileName/CinemachineExternalCameraEditor.cs: d74df442250b898c9b40669a19100e9d -> 
  custom:scripting/monoscript/fileName/NewBehaviourScript.cs: b21687ddb03d73bd9f0c1daecb9714de -> 
  custom:scripting/monoscript/fileName/CinemachineSameAsFollowTargetEditor.cs: 6def40fc1e39b3242347b6630fb5127e -> 
  custom:scripting/monoscript/fileName/CinemachineTargetGroupEditor.cs: f70ac85df8c1c9bd0b83a35534bafd1f -> 
  custom:scripting/monoscript/fileName/CinemachineRecomposer.cs: 07354cca81f7d0775b027b5906330569 -> 
  custom:scripting/monoscript/fileName/CinemachineTransposer.cs: aa226dd144b3a977b86ea888b85df5fa -> 
  custom:scripting/monoscript/fileName/CinemachineBlendListCameraEditor.cs: dbc12d2a9f3e2999a067290c411b2aca -> 
  custom:scripting/monoscript/fileName/TargetPositionCache.cs: 49ce97e6930a536b43825141e0c2d3a4 -> 
  custom:scripting/monoscript/fileName/CinemachineShot.cs: 3d4d9d05534db20e82d871d98ea52716 -> 
  custom:scripting/monoscript/fileName/CinemachineBasicMultiChannelPerlinEditor.cs: d6749cd6c482efa27bdd41f60394f1b9 -> 
  custom:scripting/monoscript/fileName/UnityVectorExtensions.cs: 052777772edecdffe26d41a6a989641e -> 
  custom:scripting/monoscript/fileName/CinemachineHardLockToTarget.cs: d349308c5b4f600a345055c394206f52 -> 
  custom:scripting/monoscript/fileName/CinemachineImpulseChannels.cs: a9a39cc5ecea1f083db0fce154eec19c -> 
  custom:scripting/monoscript/fileName/CinemachineConfiner2D.cs: beb10be0db8ff9d3a94bd0a150963b9b -> 
  custom:scripting/monoscript/fileName/LensSettings.cs: 4335e899502c57ee4480b8c9aa915366 -> 
  custom:scripting/monoscript/fileName/CinemachineExternalCamera.cs: d76122377115c288d881064c3f07a3f1 -> 
  custom:scripting/monoscript/fileName/Cinemachine3rdPersonAim.cs: 4bd230d915f070bb3cae23bef6f7ab70 -> 
  custom:scripting/monoscript/fileName/ReflectionHelpers.cs: 60a5d38af3e775d0a421a7ff630d61cc -> 
  custom:scripting/monoscript/fileName/CinemachineVirtualCamera.cs: f16f2dc5bc1261579875c19605c45301 -> 
  custom:scripting/monoscript/fileName/Predictor.cs: d51584936cb5b31b30ee7b444e03385b -> 
  custom:scripting/monoscript/fileName/CinemachineImpulseListener.cs: 6aac146243d38e7a67346170caa40ea1 -> 
  custom:scripting/monoscript/fileName/CinemachineOrbitalTransposerEditor.cs: 5ea2e4bec7ee6c24917bd86647f4bffa -> 
  custom:scripting/monoscript/fileName/CinemachineConfiner2DEditor.cs: 3f4b3d9b17ff5cd560135aa24f822994 -> 
  custom:scripting/monoscript/fileName/GroupWeightManipulator.cs: 588749cf3436a8199e762a8e09bc8de7 -> 
  custom:scripting/monoscript/fileName/AxisStatePropertyDrawer.cs: 2d807695a513641e771c78e6c342ff04 -> 
  custom:video-encoder-webm-vp8: eb34c28f22e8b96e1ab97ce403110664 -> 
  custom:scripting/monoscript/fileName/CinemachineScreenComposerGuides.cs: cdc7ea02ccc4c8d1561d98d16760d1ca -> 
  custom:scripting/monoscript/fileName/CinemachinePropertyAttribute.cs: e8158d9725ac3a9129a08e46a4ff7519 -> 
  custom:scripting/monoscript/fileName/CinemachineVirtualCameraEditor.cs: 2e051d0c474634e907fe4123d6e2656e -> 
  custom:scripting/monoscript/fileName/CinemachineMenu.cs: 7b932811d9fa1e44d0d8b2b9ed75adf3 -> 
  custom:scripting/monoscript/fileName/RuntimeUtility.cs: 8c92a9f673836e5d2084dbeb0f10159f -> 
  custom:scripting/monoscript/fileName/CinemachineFreeLook.cs: bebc32b18bc4beddc113bad68624e557 -> 
  custom:scripting/monoscript/fileName/CinemachineSettings.cs: 197f6d5ad32e253546b5afa056a5bba4 -> 
  custom:audio-decoder-ogg-vorbis: bf7c407c2cedff20999df2af8eb42d56 -> 
  custom:scripting/monoscript/fileName/CinemachineGroupComposer.cs: 173a689a80ef321c302f9c045419668f -> 
  custom:scripting/monoscript/fileName/CinemachineVirtualCameraBase.cs: c7e60cccdcb14ee2a33da9fd46c1c54f -> 
  custom:scripting/monoscript/fileName/CinemachineFixedSignal.cs: aedcdca7a861da6e456e0ae105b24c41 -> 
  custom:scripting/monoscript/fileName/CinemachineShotClipEditor.cs: 123a48531bf1d1b4f3c8398556caec62 -> 
  custom:scripting/monoscript/fileName/CinemachineNoiseSettingsEditor.cs: 9056e69d9c759ba2504535054fff31c9 -> 
  custom:scripting/monoscript/fileName/CinemachineTouchInputMapper.cs: b9698729a07a7d31c864247e0582b566 -> 
  custom:scripting/monoscript/fileName/CinemachineTriggerAction.cs: cab9c5d02c28af05797c2c3743539bdb -> 
  custom:scripting/monoscript/fileName/InspectorUtility.cs: e13a8546bf784ce9963c508abb88926b -> 
  custom:CustomObjectIndexerAttribute: 9a22284fe3817be447336de3de66b15e -> 
  custom:scripting/monoscript/fileName/CinemachinePOV.cs: e4df06d1994174afa286b103eb06ee7f -> 
  custom:scripting/monoscript/fileName/CinemachineBlenderSettingsEditor.cs: c57aa7de12bc3e7367ca091f4902c67b -> 
  custom:scripting/monoscript/fileName/CinemachineBlend.cs: f33659d50c4d86144d649aa7e8196529 -> 
  custom:scripting/precompiled-assembly-types:Cinemachine: 54c8b091bb91c32bfeada952c9c53e21 -> 
  custom:scripting/monoscript/fileName/CinemachineImpulseDefinition.cs: 3d434086a2bdaf715abf85e79e9f14b4 -> 
  custom:scripting/precompiled-assembly-types:com.unity.cinemachine.editor: e24bde9f61664824443e2ae04112f2bb -> 
  custom:scripting/monoscript/fileName/CinemachineFreeLookEditor.cs: 9641291977c1891a004ac4c4c259e1c8 -> 
  custom:scripting/monoscript/fileName/CinemachineTransposerEditor.cs: 85841a774ddea4fb7232a7a585f716b4 -> 
  custom:scripting/monoscript/fileName/clipper.cs: 2a50e35a835148907b3c1fa8e187ab2b -> 
  custom:scripting/monoscript/fileName/NoiseSettings.cs: 443d576e0c72ab62870476103c9384ec -> 
  custom:scripting/monoscript/fileName/GaussianFilter.cs: 0a3672ebe80edf7c5daca82445c15683 -> 
  custom:scripting/monoscript/fileName/CinemachineSceneTools.cs: d63880a6073ab3335301b115db235b5b -> 
  custom:scripting/monoscript/fileName/Cinemachine3rdPersonFollowEditor.cs: f79aa162534f81c680877e6274b5d6ec -> 
  custom:scripting/monoscript/fileName/EmbeddedAssetPropertyDrawer.cs: fd7ebc18093de04c88d0cfc86fb060f5 -> 
  custom:container-demuxer-webm: 4f35f7cbe854078d1ac9338744f61a02 -> 
  custom:scripting/monoscript/fileName/CinemachineTriggerActionEditor.cs: 2309a2ec6192ace4cae8bab5a535978e -> 
  custom:scripting/monoscript/fileName/ConfinerOven.cs: ff23c03e90b61beb34474fc6e4ff668c -> 
  custom:scripting/monoscript/fileName/VcamTargetPropertyDrawer.cs: 9208050b1312b118a226fef2d63e8fa1 -> 
  custom:scripting/monoscript/fileName/CinemachineCollisionImpulseSource.cs: 9aae5e368cb7786be199f98f2122f96d -> 
  custom:scripting/monoscript/fileName/CinemachineClearShotEditor.cs: ca8875b47e775cd361c78158d7923690 -> 
  custom:scripting/monoscript/fileName/WaveformWindow.cs: 01bbc4fc017d41a2bab7fb57c988e8da -> 
  custom:scripting/monoscript/fileName/CinemachinePipeline.cs: 6ca7a5979a0a73ea1d450a8fc9b437ef -> 
  custom:scripting/monoscript/fileName/CinemachineEditorAnalytics.cs: de76cc292d7ecedcf47af6616498c9f9 -> 
  custom:scripting/monoscript/fileName/NoiseSettingsPropertyDrawer.cs: 8d3f69ba7eeec63914970bd3136b6ace -> 
  custom:scripting/monoscript/fileName/VcamStageEditor.cs: 84b0eaf932b448975a99972628e556d8 -> 
  custom:scripting/monoscript/fileName/CinemachineBrainEditor.cs: 49621d8b7679c0b5d128fef53d55becd -> 
  custom:scripting/monoscript/fileName/CinemachineFramingTransposerEditor.cs: 1653e1c00b2ca68b1d40f01e5bfb8445 -> 
  custom:scripting/monoscript/fileName/CinemachineShotEditor.cs: 2ba28b209a4ad7f0a791994d2360a9af -> 
  custom:scripting/monoscript/fileName/CinemachineStateDrivenCameraEditor.cs: 77d9f0a97385f936d9b4ffaa686bce39 -> 
  custom:scripting/monoscript/fileName/OrbitalTransposerHeadingPropertyDrawer.cs: 22496b76ce84f35f630c90badc4babd8 -> 
  custom:scripting/monoscript/fileName/BasicMovement.cs: a880b29f2a71af6c65a37a45b20c49c7 -> 
  custom:scripting/monoscript/fileName/CinemachineHardLockToTargetEditor.cs: c65eaafd47115974a2a9379aae467b0e -> 
  custom:scripting/monoscript/fileName/CinemachinePathEditor.cs: ce10985fbf0e018e2dea63fedae131ba -> 
  custom:scripting/monoscript/fileName/CinemachineCollider.cs: 8fa92f525b1c31cd81812685d7f8c288 -> 
  custom:audio-encoder-webm-vorbis: bf7c407c2cedff20999df2af8eb42d56 -> 
  custom:scripting/monoscript/fileName/CameraState.cs: 6ae7088fa20820e052d1e4d86059e90b -> 
  custom:scripting/monoscript/fileName/CameraMe.cs: 7c1f197c71b319c626f5e49d4f89eacb -> 
  custom:scripting/monoscript/fileName/CinemachineToolbarOverlay.cs: 371b6fc494252d6fda34e207e170cb66 -> 
  custom:scripting/monoscript/fileName/CinemachineCollisionImpulseSourceEditor.cs: 29f9a522ec6b23375849ba08fd597c8d -> 
  custom:scripting/monoscript/fileName/CinemachineIndependentImpulseListener.cs: 91ae8748b9c36955c333e57505ff90fb -> 
  custom:scripting/monoscript/fileName/CinemachineMixingCameraEditor.cs: 1c122a21d710512fec62cdc7bd351681 -> 
  custom:scripting/monoscript/fileName/CinemachinePostProcessing.cs: bf9b100a1b61fd5383288bc96487c194 -> 
  custom:scripting/monoscript/fileName/CinemachineInputProvider.cs: ecb845de690695f08b3b3bb647cc7006 -> 
  custom:scripting/monoscript/fileName/CinemachineColliderEditor.cs: 859d1abbd669ee84cb713f6d4d0e1c5f -> 
  custom:scripting/monoscript/fileName/CinemachineSameAsFollowTarget.cs: bcfa2d394e1e5460b4ef3dc039214a16 -> 
  custom:scripting/monoscript/fileName/CinemachineExtension.cs: 6968db4afcdc301f6acb1ef4fbadb2f4 -> 
  custom:scripting/monoscript/fileName/CinemachineTargetGroup.cs: 10a09aa736b3a25da6dd9fc3c4dd9d36 -> 
  custom:scripting/monoscript/fileName/CinemachineVirtualCameraBaseEditor.cs: 13ee4931cd85df4b22852d0547b5e690 -> 
  custom:scripting/monoscript/fileName/UpdateTracker.cs: 3dac8a24a32a32e4bbfeb38ed26ef250 -> 
  custom:scripting/monoscript/fileName/CinemachineComposerEditor.cs: dda533b9c6cb2b366292f584704bd904 -> 
  custom:scripting/monoscript/fileName/Cinemachine3rdPersonFollow.cs: 4600bac2bdf6b37d80e86f9aa5a413c3 -> 
  custom:scripting/monoscript/fileName/CameraFollow.cs: de990732cc429467f8f49571d0872163 -> 
  custom:scripting/monoscript/fileName/EmbeddedAssetHelpers.cs: 90647cc400823b41df847a6cbfc29026 -> 
  custom:scripting/precompiled-assembly-types:Assembly-CSharp: eaca92c3b670a8148fe72fbcf5d47eac -> 67436ea41a9d3017f292b886f19aa56f
  custom:scripting/monoscript/fileName/CinemachineBlendListCamera.cs: 66104ac24fef171d9f5d5b93a8cb2f83 -> 
  custom:scripting/monoscript/fileName/CinemachineComponentBase.cs: 5293f153c13e9bd2fc262ec31ff69206 -> 
  custom:scripting/monoscript/fileName/BaseEditor.cs: 90647cc400823b41df847a6cbfc29026 -> 
  custom:container-muxer-webm: aa71ff27fc2769a1b78a27578f13a17b -> 
  custom:scripting/monoscript/fileName/SaveDuringPlay.cs: de39f1962b337699845d3d8a2e8f5bde -> 
========================================================================
Received Prepare
Caller must complete domain reload
Begin MonoManager ReloadAssembly
- Loaded All Assemblies, in  0.273 seconds
Native extension for WindowsStandalone target not found
Native extension for WebGL target not found
[Package Manager] Server::EnsureServerProcessIsRunning -- launch failed, reason: Unity was launched with the -noUpm command-line argument
[Package Manager] UpmClient::Send -- Unable to send message (not connected to UPM process).
[Package Manager] Cannot connect to Unity Package Manager local server
[Package Manager] Server::EnsureServerProcessIsRunning -- launch failed, reason: Unity was launched with the -noUpm command-line argument
[Package Manager] UpmClient::Send -- Unable to send message (not connected to UPM process).
[Package Manager] Cannot connect to Unity Package Manager local server
Mono: successfully reloaded assembly
[Package Manager] Server::EnsureServerProcessIsRunning -- launch failed, reason: Unity was launched with the -noUpm command-line argument
[Package Manager] UpmClient::Send -- Unable to send message (not connected to UPM process).
[Package Manager] Cannot connect to Unity Package Manager local server
- Finished resetting the current domain, in  0.638 seconds
Domain Reload Profiling: 911ms
	BeginReloadAssembly (113ms)
		ExecutionOrderSort (0ms)
		DisableScriptedObjects (2ms)
		BackupInstance (0ms)
		ReleaseScriptingObjects (0ms)
		CreateAndSetChildDomain (22ms)
	RebuildCommonClasses (28ms)
	RebuildNativeTypeToScriptingClass (7ms)
	initialDomainReloadingComplete (16ms)
	LoadAllAssembliesAndSetupDomain (108ms)
		LoadAssemblies (163ms)
		RebuildTransferFunctionScriptingTraits (0ms)
		AnalyzeDomain (7ms)
			TypeCache.Refresh (3ms)
				TypeCache.ScanAssembly (0ms)
			ScanForSourceGeneratedMonoScriptInfo (0ms)
			ResolveRequiredComponents (3ms)
	FinalizeReload (639ms)
		ReleaseScriptCaches (0ms)
		RebuildScriptCaches (0ms)
		SetupLoadedEditorAssemblies (450ms)
			LogAssemblyErrors (0ms)
			InitializePlatformSupportModulesInManaged (4ms)
			SetLoadedEditorAssemblies (2ms)
			RefreshPlugins (0ms)
			BeforeProcessingInitializeOnLoad (28ms)
			ProcessInitializeOnLoadAttributes (394ms)
			ProcessInitializeOnLoadMethodAttributes (19ms)
			AfterProcessingInitializeOnLoad (2ms)
			EditorAssembliesLoaded (0ms)
		ExecutionOrderSort2 (0ms)
		AwakeInstancesAfterBackupRestoration (6ms)
Refreshing native plugins compatible for Editor in 1.06 ms, found 2 plugins.
Preloading 0 native plugins for Editor in 0.00 ms.
Unloading 1823 Unused Serialized files (Serialized files now loaded: 0)
Unloading 12 unused Assets / (131.9 KB). Loaded Objects now: 2483.
Memory consumption went from 95.8 MB to 95.7 MB.
Total: 2.627200 ms (FindLiveObjects: 0.097100 ms CreateObjectMapping: 0.030200 ms MarkObjects: 2.416200 ms  DeleteObjects: 0.082700 ms)

Prepare: number of updated asset objects reloaded= 0
AssetImportParameters requested are different than current active one (requested -> active):
  custom:scripting/monoscript/fileName/CinemachineGroupComposerEditor.cs: 54a07f36704e77a685a5e7e8c8b2c216 -> 
  custom:video-decoder-webm-vp8: 9c59270c3fd7afecdb556c50c9e8de78 -> 
  custom:scripting/monoscript/fileName/CinemachineConfinerEditor.cs: cc6c898a3390647ab91613c8a96de4b4 -> 
  custom:scripting/monoscript/fileName/CinemachineHardLookAt.cs: 792580aec23d39bcecd7ceea4c27a0ce -> 
  custom:scripting/monoscript/fileName/CinemachineInputAxisDriver.cs: 7e424e54660fed310c58dc98ea41042e -> 
  custom:scripting/monoscript/fileName/CinemachineStoryboardEditor.cs: 2e7ec8bfb72013eaaff4873a27da019c -> 
  custom:scripting/monoscript/fileName/CinemachineBasicMultiChannelPerlin.cs: bd5416e75860cd63657371207eb79058 -> 
  custom:scripting/monoscript/fileName/CinemachineBlendDefinitionPropertyDrawer.cs: 7ae344d19d646b738f3c65294becf216 -> 
  custom:scripting/monoscript/fileName/CinemachineTrackedDollyEditor.cs: b4d6784c58752cea58aafd9a76ca4459 -> 
  custom:scripting/monoscript/fileName/CinemachineImpulseManager.cs: c34be3577a810e26fd0110c580799b88 -> 
  custom:scripting/monoscript/fileName/CinemachineSmoothPath.cs: c28db2688f35d70587b5f943431a010a -> 
  custom:SearchIndexIgnoredProperties: e643bd26f0fe6173181afceb89e7c659 -> 
  custom:scripting/monoscript/fileName/CinemachineStateDrivenCamera.cs: aea2468a7384be4ba6d1b043ccec135d -> 
  custom:container-demuxer-ogg: 62fdf1f143b41e24485cea50d1cbac27 -> 
  custom:scripting/monoscript/fileName/CinemachineBlenderSettings.cs: 9adcb80668a56be4cd8e31c1d3dc60ae -> 
  custom:AudioImporter_EditorPlatform: d09bf68614088b80899f8185d706f6e7 -> 
  custom:scripting/monoscript/fileName/SignalSourceAsset.cs: f7ffd463dece56bad278f5a8d3ed7fc6 -> 
  custom:scripting/monoscript/fileName/CinemachineMixingCamera.cs: 739c5ceb76c01023f431794ec46a0177 -> 
  custom:scripting/monoscript/fileName/CinemachineCore.cs: fe6c3be993819098833de1628bfd76b2 -> 
  custom:scripting/monoscript/fileName/CinemachinePath.cs: b443d3c8837a65ddc3c78741cd58ec71 -> 
  custom:scripting/monoscript/fileName/CinemachineImpulseChannelPropertyDrawer.cs: 4b6390a17916751618e2a45cb8d47a80 -> 
  custom:scripting/monoscript/fileName/SerializedPropertyHelper.cs: b04ac165255e34bc2935ca9bf180e209 -> 
  custom:scripting/monoscript/fileName/CinemachineFramingTransposer.cs: 7943c9d436748359882d8f978cf86c91 -> 
  custom:scripting/monoscript/fileName/CinemachineImpulseListenerEditor.cs: d5d28e418f87c111bce1c1b98f1f70ba -> 
  custom:scripting/monoscript/fileName/AxisState.cs: 1a494a66d8b9a58f4a6873f89bf5b094 -> 
  custom:scripting/monoscript/fileName/CinemachineDollyCart.cs: bbe9d07f4a2f7ee5ab002e66cb05f922 -> 
  custom:scripting/monoscript/fileName/CinemachineStoryboard.cs: 59a2099f76be9b47af1e12ed7d40f553 -> 
  custom:scripting/monoscript/fileName/CinemachineClearShot.cs: 1da15f5c7903497ce3ae982ee4ee4779 -> 
  custom:scripting/monoscript/fileName/CinemachinePOVEditor.cs: 71db5a9242a182995b4ca15db516f628 -> 
  custom:scripting/monoscript/fileName/CinemachineMixer.cs: 2e36eb9e732dd7c8a32e8f83daebd6f4 -> 
  custom:scripting/monoscript/fileName/CinemachinePixelPerfect.cs: 2f42bea4517739481ed2553d1616050e -> 
  custom:scripting/monoscript/fileName/CinemachineTrackedDolly.cs: f6a9c21b27ad86d45f62f6b444ccbb49 -> 
  custom:scripting/monoscript/fileName/CinemachineHardLookAtEditor.cs: 15b8f2af6a6d786898ce5dd6b0db26dc -> 
  custom:scripting/monoscript/fileName/CinemachineConfiner.cs: 3813336c17662a5cb6b59ce5f1954254 -> 
  custom:video-codec-MediaFoundation-h265: 746d11721c4dcdbdad8f713fa42b33f4 -> 
  custom:scripting/monoscript/fileName/CinemachineComposer.cs: e399dfd36807c341da7cd182ce299d1e -> 
  custom:scripting/monoscript/fileName/CinemachineTrack.cs: 4b50d47d507c57dc81b82253ec075194 -> 
  custom:scripting/monoscript/fileName/CinemachineSmoothPathEditor.cs: 7555bcba4eb760e012dd21c6730ae562 -> 
  custom:scripting/monoscript/fileName/ScriptableObjectUtility.cs: c529d074f6f57a07e3f410d488963bbc -> 
  custom:scripting/monoscript/fileName/CinemachineBrain.cs: 365b4e0b6319f064062e97b8f8e32c8e -> 
  custom:scripting/monoscript/fileName/CinemachineImpulseDefinitionPropertyDrawer.cs: 1b2fc77b0a80a7e0e9045e0d44fb761c -> 
  custom:scripting/monoscript/fileName/CinemachineColliderPrefs.cs: 47106451d4685409820905badf49b71f -> 
  custom:scripting/monoscript/fileName/CinemachineFollowZoom.cs: eb74e2e98d3dc4647324e113f34710ca -> 
  custom:scripting/monoscript/fileName/CinemachineDebug.cs: 3077ed3b64725184c652d4c07ac732fd -> 
  custom:scripting/monoscript/fileName/CinemachineLensPresets.cs: 014747fb0ab87178c677520d0bf20bf7 -> 
  custom:video-decoder-ogg-theora: a1e56fd34408186e4bbccfd4996cb3dc -> 
  custom:scripting/monoscript/fileName/CinemachineOrbitalTransposer.cs: 71c52878ba6d43827473a480056a99da -> 
  custom:scripting/monoscript/fileName/CinemachineCameraOffset.cs: a6887f67d3eb83cc6393b822d4e65121 -> 
  custom:scripting/monoscript/fileName/ICinemachineCamera.cs: 2faad4f04eaf5d98c2870adbfb06184e -> 
  custom:scripting/monoscript/fileName/CinemachinePathBase.cs: debb99764287c54cae06313e2d6a1fe1 -> 
  custom:scripting/monoscript/fileName/CinemachineImpulseSource.cs: ac073b8453e26c5dd422d5f1a90a7ff2 -> 
  custom:scripting/monoscript/fileName/CinemachineShotPlayable.cs: e346ad1ecb4af45da55274cb9abd9ec0 -> 
  custom:scripting/monoscript/fileName/CinemachineTagFieldPropertyDrawer.cs: e78491a12decd558a49d01cc583bfcfb -> 
  custom:framework-win-MediaFoundation: 216162199b28c13a410421893ffa2e32 -> 
  custom:scripting/monoscript/fileName/CinemachineVolumeSettings.cs: 22782cc3dbf8dfd1cb54e8486f29fe0d -> 
  custom:scripting/monoscript/fileName/CinemachineImpulseEnvelopePropertyDrawer.cs: 07e00c9c84964a5c7e4f3f19e4263ec1 -> 
  custom:scripting/monoscript/fileName/SplineHelpers.cs: 9e5bf4293b3828088291b7871e233a27 -> 
  custom:scripting/monoscript/fileName/CinemachineImpulseSourceEditor.cs: 0ef7804c69c18838aa65e6d5bae5b055 -> 
  custom:scripting/monoscript/fileName/CinemachineExternalCameraEditor.cs: d74df442250b898c9b40669a19100e9d -> 
  custom:scripting/monoscript/fileName/NewBehaviourScript.cs: b21687ddb03d73bd9f0c1daecb9714de -> 
  custom:scripting/monoscript/fileName/CinemachineSameAsFollowTargetEditor.cs: 6def40fc1e39b3242347b6630fb5127e -> 
  custom:scripting/monoscript/fileName/CinemachineTargetGroupEditor.cs: f70ac85df8c1c9bd0b83a35534bafd1f -> 
  custom:scripting/monoscript/fileName/CinemachineRecomposer.cs: 07354cca81f7d0775b027b5906330569 -> 
  custom:scripting/monoscript/fileName/CinemachineTransposer.cs: aa226dd144b3a977b86ea888b85df5fa -> 
  custom:scripting/monoscript/fileName/CinemachineBlendListCameraEditor.cs: dbc12d2a9f3e2999a067290c411b2aca -> 
  custom:scripting/monoscript/fileName/TargetPositionCache.cs: 49ce97e6930a536b43825141e0c2d3a4 -> 
  custom:scripting/monoscript/fileName/CinemachineShot.cs: 3d4d9d05534db20e82d871d98ea52716 -> 
  custom:scripting/monoscript/fileName/CinemachineBasicMultiChannelPerlinEditor.cs: d6749cd6c482efa27bdd41f60394f1b9 -> 
  custom:scripting/monoscript/fileName/UnityVectorExtensions.cs: 052777772edecdffe26d41a6a989641e -> 
  custom:scripting/monoscript/fileName/CinemachineHardLockToTarget.cs: d349308c5b4f600a345055c394206f52 -> 
  custom:scripting/monoscript/fileName/CinemachineImpulseChannels.cs: a9a39cc5ecea1f083db0fce154eec19c -> 
  custom:scripting/monoscript/fileName/CinemachineConfiner2D.cs: beb10be0db8ff9d3a94bd0a150963b9b -> 
  custom:scripting/monoscript/fileName/LensSettings.cs: 4335e899502c57ee4480b8c9aa915366 -> 
  custom:scripting/monoscript/fileName/CinemachineExternalCamera.cs: d76122377115c288d881064c3f07a3f1 -> 
  custom:scripting/monoscript/fileName/Cinemachine3rdPersonAim.cs: 4bd230d915f070bb3cae23bef6f7ab70 -> 
  custom:scripting/monoscript/fileName/ReflectionHelpers.cs: 60a5d38af3e775d0a421a7ff630d61cc -> 
  custom:scripting/monoscript/fileName/CinemachineVirtualCamera.cs: f16f2dc5bc1261579875c19605c45301 -> 
  custom:scripting/monoscript/fileName/Predictor.cs: d51584936cb5b31b30ee7b444e03385b -> 
  custom:scripting/monoscript/fileName/CinemachineImpulseListener.cs: 6aac146243d38e7a67346170caa40ea1 -> 
  custom:scripting/monoscript/fileName/CinemachineOrbitalTransposerEditor.cs: 5ea2e4bec7ee6c24917bd86647f4bffa -> 
  custom:scripting/monoscript/fileName/CinemachineConfiner2DEditor.cs: 3f4b3d9b17ff5cd560135aa24f822994 -> 
  custom:scripting/monoscript/fileName/GroupWeightManipulator.cs: 588749cf3436a8199e762a8e09bc8de7 -> 
  custom:scripting/monoscript/fileName/AxisStatePropertyDrawer.cs: 2d807695a513641e771c78e6c342ff04 -> 
  custom:video-encoder-webm-vp8: eb34c28f22e8b96e1ab97ce403110664 -> 
  custom:scripting/monoscript/fileName/CinemachineScreenComposerGuides.cs: cdc7ea02ccc4c8d1561d98d16760d1ca -> 
  custom:scripting/monoscript/fileName/CinemachinePropertyAttribute.cs: e8158d9725ac3a9129a08e46a4ff7519 -> 
  custom:scripting/monoscript/fileName/CinemachineVirtualCameraEditor.cs: 2e051d0c474634e907fe4123d6e2656e -> 
  custom:scripting/monoscript/fileName/CinemachineMenu.cs: 7b932811d9fa1e44d0d8b2b9ed75adf3 -> 
  custom:scripting/monoscript/fileName/RuntimeUtility.cs: 8c92a9f673836e5d2084dbeb0f10159f -> 
  custom:scripting/monoscript/fileName/CinemachineFreeLook.cs: bebc32b18bc4beddc113bad68624e557 -> 
  custom:scripting/monoscript/fileName/CinemachineSettings.cs: 197f6d5ad32e253546b5afa056a5bba4 -> 
  custom:audio-decoder-ogg-vorbis: bf7c407c2cedff20999df2af8eb42d56 -> 
  custom:scripting/monoscript/fileName/CinemachineGroupComposer.cs: 173a689a80ef321c302f9c045419668f -> 
  custom:scripting/monoscript/fileName/CinemachineVirtualCameraBase.cs: c7e60cccdcb14ee2a33da9fd46c1c54f -> 
  custom:scripting/monoscript/fileName/CinemachineFixedSignal.cs: aedcdca7a861da6e456e0ae105b24c41 -> 
  custom:scripting/monoscript/fileName/CinemachineShotClipEditor.cs: 123a48531bf1d1b4f3c8398556caec62 -> 
  custom:scripting/monoscript/fileName/CinemachineNoiseSettingsEditor.cs: 9056e69d9c759ba2504535054fff31c9 -> 
  custom:scripting/monoscript/fileName/CinemachineTouchInputMapper.cs: b9698729a07a7d31c864247e0582b566 -> 
  custom:scripting/monoscript/fileName/CinemachineTriggerAction.cs: cab9c5d02c28af05797c2c3743539bdb -> 
  custom:scripting/monoscript/fileName/InspectorUtility.cs: e13a8546bf784ce9963c508abb88926b -> 
  custom:CustomObjectIndexerAttribute: 9a22284fe3817be447336de3de66b15e -> 
  custom:scripting/monoscript/fileName/CinemachinePOV.cs: e4df06d1994174afa286b103eb06ee7f -> 
  custom:scripting/monoscript/fileName/CinemachineBlenderSettingsEditor.cs: c57aa7de12bc3e7367ca091f4902c67b -> 
  custom:scripting/monoscript/fileName/CinemachineBlend.cs: f33659d50c4d86144d649aa7e8196529 -> 
  custom:scripting/precompiled-assembly-types:Cinemachine: 54c8b091bb91c32bfeada952c9c53e21 -> 
  custom:scripting/monoscript/fileName/CinemachineImpulseDefinition.cs: 3d434086a2bdaf715abf85e79e9f14b4 -> 
  custom:scripting/precompiled-assembly-types:com.unity.cinemachine.editor: e24bde9f61664824443e2ae04112f2bb -> 
  custom:scripting/monoscript/fileName/CinemachineFreeLookEditor.cs: 9641291977c1891a004ac4c4c259e1c8 -> 
  custom:scripting/monoscript/fileName/CinemachineTransposerEditor.cs: 85841a774ddea4fb7232a7a585f716b4 -> 
  custom:scripting/monoscript/fileName/clipper.cs: 2a50e35a835148907b3c1fa8e187ab2b -> 
  custom:scripting/monoscript/fileName/NoiseSettings.cs: 443d576e0c72ab62870476103c9384ec -> 
  custom:scripting/monoscript/fileName/GaussianFilter.cs: 0a3672ebe80edf7c5daca82445c15683 -> 
  custom:scripting/monoscript/fileName/CinemachineSceneTools.cs: d63880a6073ab3335301b115db235b5b -> 
  custom:scripting/monoscript/fileName/Cinemachine3rdPersonFollowEditor.cs: f79aa162534f81c680877e6274b5d6ec -> 
  custom:scripting/monoscript/fileName/EmbeddedAssetPropertyDrawer.cs: fd7ebc18093de04c88d0cfc86fb060f5 -> 
  custom:container-demuxer-webm: 4f35f7cbe854078d1ac9338744f61a02 -> 
  custom:scripting/monoscript/fileName/CinemachineTriggerActionEditor.cs: 2309a2ec6192ace4cae8bab5a535978e -> 
  custom:scripting/monoscript/fileName/ConfinerOven.cs: ff23c03e90b61beb34474fc6e4ff668c -> 
  custom:scripting/monoscript/fileName/VcamTargetPropertyDrawer.cs: 9208050b1312b118a226fef2d63e8fa1 -> 
  custom:scripting/monoscript/fileName/CinemachineCollisionImpulseSource.cs: 9aae5e368cb7786be199f98f2122f96d -> 
  custom:scripting/monoscript/fileName/CinemachineClearShotEditor.cs: ca8875b47e775cd361c78158d7923690 -> 
  custom:scripting/monoscript/fileName/WaveformWindow.cs: 01bbc4fc017d41a2bab7fb57c988e8da -> 
  custom:scripting/monoscript/fileName/CinemachinePipeline.cs: 6ca7a5979a0a73ea1d450a8fc9b437ef -> 
  custom:scripting/monoscript/fileName/CinemachineEditorAnalytics.cs: de76cc292d7ecedcf47af6616498c9f9 -> 
  custom:scripting/monoscript/fileName/NoiseSettingsPropertyDrawer.cs: 8d3f69ba7eeec63914970bd3136b6ace -> 
  custom:scripting/monoscript/fileName/VcamStageEditor.cs: 84b0eaf932b448975a99972628e556d8 -> 
  custom:scripting/monoscript/fileName/CinemachineBrainEditor.cs: 49621d8b7679c0b5d128fef53d55becd -> 
  custom:scripting/monoscript/fileName/CinemachineFramingTransposerEditor.cs: 1653e1c00b2ca68b1d40f01e5bfb8445 -> 
  custom:scripting/monoscript/fileName/CinemachineShotEditor.cs: 2ba28b209a4ad7f0a791994d2360a9af -> 
  custom:scripting/monoscript/fileName/CinemachineStateDrivenCameraEditor.cs: 77d9f0a97385f936d9b4ffaa686bce39 -> 
  custom:scripting/monoscript/fileName/OrbitalTransposerHeadingPropertyDrawer.cs: 22496b76ce84f35f630c90badc4babd8 -> 
  custom:scripting/monoscript/fileName/BasicMovement.cs: a880b29f2a71af6c65a37a45b20c49c7 -> 
  custom:scripting/monoscript/fileName/CinemachineHardLockToTargetEditor.cs: c65eaafd47115974a2a9379aae467b0e -> 
  custom:scripting/monoscript/fileName/CinemachinePathEditor.cs: ce10985fbf0e018e2dea63fedae131ba -> 
  custom:scripting/monoscript/fileName/CinemachineCollider.cs: 8fa92f525b1c31cd81812685d7f8c288 -> 
  custom:audio-encoder-webm-vorbis: bf7c407c2cedff20999df2af8eb42d56 -> 
  custom:scripting/monoscript/fileName/CameraState.cs: 6ae7088fa20820e052d1e4d86059e90b -> 
  custom:scripting/monoscript/fileName/CameraMe.cs: 7c1f197c71b319c626f5e49d4f89eacb -> 
  custom:scripting/monoscript/fileName/CinemachineToolbarOverlay.cs: 371b6fc494252d6fda34e207e170cb66 -> 
  custom:scripting/monoscript/fileName/CinemachineCollisionImpulseSourceEditor.cs: 29f9a522ec6b23375849ba08fd597c8d -> 
  custom:scripting/monoscript/fileName/CinemachineIndependentImpulseListener.cs: 91ae8748b9c36955c333e57505ff90fb -> 
  custom:scripting/monoscript/fileName/CinemachineMixingCameraEditor.cs: 1c122a21d710512fec62cdc7bd351681 -> 
  custom:scripting/monoscript/fileName/CinemachinePostProcessing.cs: bf9b100a1b61fd5383288bc96487c194 -> 
  custom:scripting/monoscript/fileName/CinemachineInputProvider.cs: ecb845de690695f08b3b3bb647cc7006 -> 
  custom:scripting/monoscript/fileName/CinemachineColliderEditor.cs: 859d1abbd669ee84cb713f6d4d0e1c5f -> 
  custom:scripting/monoscript/fileName/CinemachineSameAsFollowTarget.cs: bcfa2d394e1e5460b4ef3dc039214a16 -> 
  custom:scripting/monoscript/fileName/CinemachineExtension.cs: 6968db4afcdc301f6acb1ef4fbadb2f4 -> 
  custom:scripting/monoscript/fileName/CinemachineTargetGroup.cs: 10a09aa736b3a25da6dd9fc3c4dd9d36 -> 
  custom:scripting/monoscript/fileName/CinemachineVirtualCameraBaseEditor.cs: 13ee4931cd85df4b22852d0547b5e690 -> 
  custom:scripting/monoscript/fileName/UpdateTracker.cs: 3dac8a24a32a32e4bbfeb38ed26ef250 -> 
  custom:scripting/monoscript/fileName/CinemachineComposerEditor.cs: dda533b9c6cb2b366292f584704bd904 -> 
  custom:scripting/monoscript/fileName/Cinemachine3rdPersonFollow.cs: 4600bac2bdf6b37d80e86f9aa5a413c3 -> 
  custom:scripting/monoscript/fileName/CameraFollow.cs: de990732cc429467f8f49571d0872163 -> 
  custom:scripting/monoscript/fileName/EmbeddedAssetHelpers.cs: 90647cc400823b41df847a6cbfc29026 -> 
  custom:scripting/precompiled-assembly-types:Assembly-CSharp: eaca92c3b670a8148fe72fbcf5d47eac -> 67436ea41a9d3017f292b886f19aa56f
  custom:scripting/monoscript/fileName/CinemachineBlendListCamera.cs: 66104ac24fef171d9f5d5b93a8cb2f83 -> 
  custom:scripting/monoscript/fileName/CinemachineComponentBase.cs: 5293f153c13e9bd2fc262ec31ff69206 -> 
  custom:scripting/monoscript/fileName/BaseEditor.cs: 90647cc400823b41df847a6cbfc29026 -> 
  custom:container-muxer-webm: aa71ff27fc2769a1b78a27578f13a17b -> 
  custom:scripting/monoscript/fileName/SaveDuringPlay.cs: de39f1962b337699845d3d8a2e8f5bde -> 
========================================================================
Received Prepare
Caller must complete domain reload
Begin MonoManager ReloadAssembly
- Loaded All Assemblies, in  0.361 seconds
Native extension for WindowsStandalone target not found
Native extension for WebGL target not found
[Package Manager] Server::EnsureServerProcessIsRunning -- launch failed, reason: Unity was launched with the -noUpm command-line argument
[Package Manager] UpmClient::Send -- Unable to send message (not connected to UPM process).
[Package Manager] Cannot connect to Unity Package Manager local server
[Package Manager] Server::EnsureServerProcessIsRunning -- launch failed, reason: Unity was launched with the -noUpm command-line argument
[Package Manager] UpmClient::Send -- Unable to send message (not connected to UPM process).
[Package Manager] Cannot connect to Unity Package Manager local server
Mono: successfully reloaded assembly
[Package Manager] Server::EnsureServerProcessIsRunning -- launch failed, reason: Unity was launched with the -noUpm command-line argument
[Package Manager] UpmClient::Send -- Unable to send message (not connected to UPM process).
[Package Manager] Cannot connect to Unity Package Manager local server
- Finished resetting the current domain, in  0.790 seconds
Domain Reload Profiling: 1151ms
	BeginReloadAssembly (134ms)
		ExecutionOrderSort (0ms)
		DisableScriptedObjects (4ms)
		BackupInstance (0ms)
		ReleaseScriptingObjects (0ms)
		CreateAndSetChildDomain (28ms)
	RebuildCommonClasses (36ms)
	RebuildNativeTypeToScriptingClass (12ms)
	initialDomainReloadingComplete (19ms)
	LoadAllAssembliesAndSetupDomain (160ms)
		LoadAssemblies (204ms)
		RebuildTransferFunctionScriptingTraits (0ms)
		AnalyzeDomain (29ms)
			TypeCache.Refresh (7ms)
				TypeCache.ScanAssembly (0ms)
			ScanForSourceGeneratedMonoScriptInfo (12ms)
			ResolveRequiredComponents (8ms)
	FinalizeReload (791ms)
		ReleaseScriptCaches (0ms)
		RebuildScriptCaches (0ms)
		SetupLoadedEditorAssemblies (533ms)
			LogAssemblyErrors (0ms)
			InitializePlatformSupportModulesInManaged (7ms)
			SetLoadedEditorAssemblies (3ms)
			RefreshPlugins (0ms)
			BeforeProcessingInitializeOnLoad (36ms)
			ProcessInitializeOnLoadAttributes (467ms)
			ProcessInitializeOnLoadMethodAttributes (18ms)
			AfterProcessingInitializeOnLoad (1ms)
			EditorAssembliesLoaded (0ms)
		ExecutionOrderSort2 (0ms)
		AwakeInstancesAfterBackupRestoration (5ms)
Refreshing native plugins compatible for Editor in 0.84 ms, found 2 plugins.
Preloading 0 native plugins for Editor in 0.00 ms.
Unloading 1823 Unused Serialized files (Serialized files now loaded: 0)
Unloading 12 unused Assets / (132.0 KB). Loaded Objects now: 2499.
Memory consumption went from 95.9 MB to 95.7 MB.
Total: 2.726400 ms (FindLiveObjects: 0.133200 ms CreateObjectMapping: 0.046800 ms MarkObjects: 2.461100 ms  DeleteObjects: 0.084500 ms)

Prepare: number of updated asset objects reloaded= 0
AssetImportParameters requested are different than current active one (requested -> active):
  custom:scripting/monoscript/fileName/CinemachineGroupComposerEditor.cs: 54a07f36704e77a685a5e7e8c8b2c216 -> 
  custom:video-decoder-webm-vp8: 9c59270c3fd7afecdb556c50c9e8de78 -> 
  custom:scripting/monoscript/fileName/CinemachineConfinerEditor.cs: cc6c898a3390647ab91613c8a96de4b4 -> 
  custom:scripting/monoscript/fileName/CinemachineHardLookAt.cs: 792580aec23d39bcecd7ceea4c27a0ce -> 
  custom:scripting/monoscript/fileName/CinemachineInputAxisDriver.cs: 7e424e54660fed310c58dc98ea41042e -> 
  custom:scripting/monoscript/fileName/CinemachineStoryboardEditor.cs: 2e7ec8bfb72013eaaff4873a27da019c -> 
  custom:scripting/monoscript/fileName/CinemachineBasicMultiChannelPerlin.cs: bd5416e75860cd63657371207eb79058 -> 
  custom:scripting/monoscript/fileName/CinemachineBlendDefinitionPropertyDrawer.cs: 7ae344d19d646b738f3c65294becf216 -> 
  custom:scripting/monoscript/fileName/CinemachineTrackedDollyEditor.cs: b4d6784c58752cea58aafd9a76ca4459 -> 
  custom:scripting/monoscript/fileName/CinemachineImpulseManager.cs: c34be3577a810e26fd0110c580799b88 -> 
  custom:scripting/monoscript/fileName/CinemachineSmoothPath.cs: c28db2688f35d70587b5f943431a010a -> 
  custom:SearchIndexIgnoredProperties: e643bd26f0fe6173181afceb89e7c659 -> 
  custom:scripting/monoscript/fileName/CinemachineStateDrivenCamera.cs: aea2468a7384be4ba6d1b043ccec135d -> 
  custom:container-demuxer-ogg: 62fdf1f143b41e24485cea50d1cbac27 -> 
  custom:scripting/monoscript/fileName/CinemachineBlenderSettings.cs: 9adcb80668a56be4cd8e31c1d3dc60ae -> 
  custom:AudioImporter_EditorPlatform: d09bf68614088b80899f8185d706f6e7 -> 
  custom:scripting/monoscript/fileName/SignalSourceAsset.cs: f7ffd463dece56bad278f5a8d3ed7fc6 -> 
  custom:scripting/monoscript/fileName/CinemachineMixingCamera.cs: 739c5ceb76c01023f431794ec46a0177 -> 
  custom:scripting/monoscript/fileName/CinemachineCore.cs: fe6c3be993819098833de1628bfd76b2 -> 
  custom:scripting/monoscript/fileName/CinemachinePath.cs: b443d3c8837a65ddc3c78741cd58ec71 -> 
  custom:scripting/monoscript/fileName/CinemachineImpulseChannelPropertyDrawer.cs: 4b6390a17916751618e2a45cb8d47a80 -> 
  custom:scripting/monoscript/fileName/SerializedPropertyHelper.cs: b04ac165255e34bc2935ca9bf180e209 -> 
  custom:scripting/monoscript/fileName/CinemachineFramingTransposer.cs: 7943c9d436748359882d8f978cf86c91 -> 
  custom:scripting/monoscript/fileName/CinemachineImpulseListenerEditor.cs: d5d28e418f87c111bce1c1b98f1f70ba -> 
  custom:scripting/monoscript/fileName/AxisState.cs: 1a494a66d8b9a58f4a6873f89bf5b094 -> 
  custom:scripting/monoscript/fileName/CinemachineDollyCart.cs: bbe9d07f4a2f7ee5ab002e66cb05f922 -> 
  custom:scripting/monoscript/fileName/CinemachineStoryboard.cs: 59a2099f76be9b47af1e12ed7d40f553 -> 
  custom:scripting/monoscript/fileName/CinemachineClearShot.cs: 1da15f5c7903497ce3ae982ee4ee4779 -> 
  custom:scripting/monoscript/fileName/CinemachinePOVEditor.cs: 71db5a9242a182995b4ca15db516f628 -> 
  custom:scripting/monoscript/fileName/CinemachineMixer.cs: 2e36eb9e732dd7c8a32e8f83daebd6f4 -> 
  custom:scripting/monoscript/fileName/CinemachinePixelPerfect.cs: 2f42bea4517739481ed2553d1616050e -> 
  custom:scripting/monoscript/fileName/CinemachineTrackedDolly.cs: f6a9c21b27ad86d45f62f6b444ccbb49 -> 
  custom:scripting/monoscript/fileName/CinemachineHardLookAtEditor.cs: 15b8f2af6a6d786898ce5dd6b0db26dc -> 
  custom:scripting/monoscript/fileName/CinemachineConfiner.cs: 3813336c17662a5cb6b59ce5f1954254 -> 
  custom:video-codec-MediaFoundation-h265: 746d11721c4dcdbdad8f713fa42b33f4 -> 
  custom:scripting/monoscript/fileName/CinemachineComposer.cs: e399dfd36807c341da7cd182ce299d1e -> 
  custom:scripting/monoscript/fileName/CinemachineTrack.cs: 4b50d47d507c57dc81b82253ec075194 -> 
  custom:scripting/monoscript/fileName/CinemachineSmoothPathEditor.cs: 7555bcba4eb760e012dd21c6730ae562 -> 
  custom:scripting/monoscript/fileName/ScriptableObjectUtility.cs: c529d074f6f57a07e3f410d488963bbc -> 
  custom:scripting/monoscript/fileName/CinemachineBrain.cs: 365b4e0b6319f064062e97b8f8e32c8e -> 
  custom:scripting/monoscript/fileName/CinemachineImpulseDefinitionPropertyDrawer.cs: 1b2fc77b0a80a7e0e9045e0d44fb761c -> 
  custom:scripting/monoscript/fileName/CinemachineColliderPrefs.cs: 47106451d4685409820905badf49b71f -> 
  custom:scripting/monoscript/fileName/CinemachineFollowZoom.cs: eb74e2e98d3dc4647324e113f34710ca -> 
  custom:scripting/monoscript/fileName/CinemachineDebug.cs: 3077ed3b64725184c652d4c07ac732fd -> 
  custom:scripting/monoscript/fileName/CinemachineLensPresets.cs: 014747fb0ab87178c677520d0bf20bf7 -> 
  custom:video-decoder-ogg-theora: a1e56fd34408186e4bbccfd4996cb3dc -> 
  custom:scripting/monoscript/fileName/CinemachineOrbitalTransposer.cs: 71c52878ba6d43827473a480056a99da -> 
  custom:scripting/monoscript/fileName/CinemachineCameraOffset.cs: a6887f67d3eb83cc6393b822d4e65121 -> 
  custom:scripting/monoscript/fileName/ICinemachineCamera.cs: 2faad4f04eaf5d98c2870adbfb06184e -> 
  custom:scripting/monoscript/fileName/CinemachinePathBase.cs: debb99764287c54cae06313e2d6a1fe1 -> 
  custom:scripting/monoscript/fileName/CinemachineImpulseSource.cs: ac073b8453e26c5dd422d5f1a90a7ff2 -> 
  custom:scripting/monoscript/fileName/CinemachineShotPlayable.cs: e346ad1ecb4af45da55274cb9abd9ec0 -> 
  custom:scripting/monoscript/fileName/CinemachineTagFieldPropertyDrawer.cs: e78491a12decd558a49d01cc583bfcfb -> 
  custom:framework-win-MediaFoundation: 216162199b28c13a410421893ffa2e32 -> 
  custom:scripting/monoscript/fileName/CinemachineVolumeSettings.cs: 22782cc3dbf8dfd1cb54e8486f29fe0d -> 
  custom:scripting/monoscript/fileName/CinemachineImpulseEnvelopePropertyDrawer.cs: 07e00c9c84964a5c7e4f3f19e4263ec1 -> 
  custom:scripting/monoscript/fileName/SplineHelpers.cs: 9e5bf4293b3828088291b7871e233a27 -> 
  custom:scripting/monoscript/fileName/CinemachineImpulseSourceEditor.cs: 0ef7804c69c18838aa65e6d5bae5b055 -> 
  custom:scripting/monoscript/fileName/CinemachineExternalCameraEditor.cs: d74df442250b898c9b40669a19100e9d -> 
  custom:scripting/monoscript/fileName/NewBehaviourScript.cs: b21687ddb03d73bd9f0c1daecb9714de -> 
  custom:scripting/monoscript/fileName/CinemachineSameAsFollowTargetEditor.cs: 6def40fc1e39b3242347b6630fb5127e -> 
  custom:scripting/monoscript/fileName/CinemachineTargetGroupEditor.cs: f70ac85df8c1c9bd0b83a35534bafd1f -> 
  custom:scripting/monoscript/fileName/CinemachineRecomposer.cs: 07354cca81f7d0775b027b5906330569 -> 
  custom:scripting/monoscript/fileName/CinemachineTransposer.cs: aa226dd144b3a977b86ea888b85df5fa -> 
  custom:scripting/monoscript/fileName/CinemachineBlendListCameraEditor.cs: dbc12d2a9f3e2999a067290c411b2aca -> 
  custom:scripting/monoscript/fileName/TargetPositionCache.cs: 49ce97e6930a536b43825141e0c2d3a4 -> 
  custom:scripting/monoscript/fileName/CinemachineShot.cs: 3d4d9d05534db20e82d871d98ea52716 -> 
  custom:scripting/monoscript/fileName/CinemachineBasicMultiChannelPerlinEditor.cs: d6749cd6c482efa27bdd41f60394f1b9 -> 
  custom:scripting/monoscript/fileName/UnityVectorExtensions.cs: 052777772edecdffe26d41a6a989641e -> 
  custom:scripting/monoscript/fileName/CinemachineHardLockToTarget.cs: d349308c5b4f600a345055c394206f52 -> 
  custom:scripting/monoscript/fileName/CinemachineImpulseChannels.cs: a9a39cc5ecea1f083db0fce154eec19c -> 
  custom:scripting/monoscript/fileName/CinemachineConfiner2D.cs: beb10be0db8ff9d3a94bd0a150963b9b -> 
  custom:scripting/monoscript/fileName/LensSettings.cs: 4335e899502c57ee4480b8c9aa915366 -> 
  custom:scripting/monoscript/fileName/CinemachineExternalCamera.cs: d76122377115c288d881064c3f07a3f1 -> 
  custom:scripting/monoscript/fileName/Cinemachine3rdPersonAim.cs: 4bd230d915f070bb3cae23bef6f7ab70 -> 
  custom:scripting/monoscript/fileName/ReflectionHelpers.cs: 60a5d38af3e775d0a421a7ff630d61cc -> 
  custom:scripting/monoscript/fileName/CinemachineVirtualCamera.cs: f16f2dc5bc1261579875c19605c45301 -> 
  custom:scripting/monoscript/fileName/Predictor.cs: d51584936cb5b31b30ee7b444e03385b -> 
  custom:scripting/monoscript/fileName/CinemachineImpulseListener.cs: 6aac146243d38e7a67346170caa40ea1 -> 
  custom:scripting/monoscript/fileName/CinemachineOrbitalTransposerEditor.cs: 5ea2e4bec7ee6c24917bd86647f4bffa -> 
  custom:scripting/monoscript/fileName/CinemachineConfiner2DEditor.cs: 3f4b3d9b17ff5cd560135aa24f822994 -> 
  custom:scripting/monoscript/fileName/GroupWeightManipulator.cs: 588749cf3436a8199e762a8e09bc8de7 -> 
  custom:scripting/monoscript/fileName/AxisStatePropertyDrawer.cs: 2d807695a513641e771c78e6c342ff04 -> 
  custom:video-encoder-webm-vp8: eb34c28f22e8b96e1ab97ce403110664 -> 
  custom:scripting/monoscript/fileName/CinemachineScreenComposerGuides.cs: cdc7ea02ccc4c8d1561d98d16760d1ca -> 
  custom:scripting/monoscript/fileName/CinemachinePropertyAttribute.cs: e8158d9725ac3a9129a08e46a4ff7519 -> 
  custom:scripting/monoscript/fileName/CinemachineVirtualCameraEditor.cs: 2e051d0c474634e907fe4123d6e2656e -> 
  custom:scripting/monoscript/fileName/CinemachineMenu.cs: 7b932811d9fa1e44d0d8b2b9ed75adf3 -> 
  custom:scripting/monoscript/fileName/RuntimeUtility.cs: 8c92a9f673836e5d2084dbeb0f10159f -> 
  custom:scripting/monoscript/fileName/CinemachineFreeLook.cs: bebc32b18bc4beddc113bad68624e557 -> 
  custom:scripting/monoscript/fileName/CinemachineSettings.cs: 197f6d5ad32e253546b5afa056a5bba4 -> 
  custom:audio-decoder-ogg-vorbis: bf7c407c2cedff20999df2af8eb42d56 -> 
  custom:scripting/monoscript/fileName/CinemachineGroupComposer.cs: 173a689a80ef321c302f9c045419668f -> 
  custom:scripting/monoscript/fileName/CinemachineVirtualCameraBase.cs: c7e60cccdcb14ee2a33da9fd46c1c54f -> 
  custom:scripting/monoscript/fileName/CinemachineFixedSignal.cs: aedcdca7a861da6e456e0ae105b24c41 -> 
  custom:scripting/monoscript/fileName/CinemachineShotClipEditor.cs: 123a48531bf1d1b4f3c8398556caec62 -> 
  custom:scripting/monoscript/fileName/CinemachineNoiseSettingsEditor.cs: 9056e69d9c759ba2504535054fff31c9 -> 
  custom:scripting/monoscript/fileName/CinemachineTouchInputMapper.cs: b9698729a07a7d31c864247e0582b566 -> 
  custom:scripting/monoscript/fileName/CinemachineTriggerAction.cs: cab9c5d02c28af05797c2c3743539bdb -> 
  custom:scripting/monoscript/fileName/InspectorUtility.cs: e13a8546bf784ce9963c508abb88926b -> 
  custom:CustomObjectIndexerAttribute: 9a22284fe3817be447336de3de66b15e -> 
  custom:scripting/monoscript/fileName/CinemachinePOV.cs: e4df06d1994174afa286b103eb06ee7f -> 
  custom:scripting/monoscript/fileName/CinemachineBlenderSettingsEditor.cs: c57aa7de12bc3e7367ca091f4902c67b -> 
  custom:scripting/monoscript/fileName/CinemachineBlend.cs: f33659d50c4d86144d649aa7e8196529 -> 
  custom:scripting/precompiled-assembly-types:Cinemachine: 54c8b091bb91c32bfeada952c9c53e21 -> 
  custom:scripting/monoscript/fileName/CinemachineImpulseDefinition.cs: 3d434086a2bdaf715abf85e79e9f14b4 -> 
  custom:scripting/precompiled-assembly-types:com.unity.cinemachine.editor: e24bde9f61664824443e2ae04112f2bb -> 
  custom:scripting/monoscript/fileName/CinemachineFreeLookEditor.cs: 9641291977c1891a004ac4c4c259e1c8 -> 
  custom:scripting/monoscript/fileName/CinemachineTransposerEditor.cs: 85841a774ddea4fb7232a7a585f716b4 -> 
  custom:scripting/monoscript/fileName/clipper.cs: 2a50e35a835148907b3c1fa8e187ab2b -> 
  custom:scripting/monoscript/fileName/NoiseSettings.cs: 443d576e0c72ab62870476103c9384ec -> 
  custom:scripting/monoscript/fileName/GaussianFilter.cs: 0a3672ebe80edf7c5daca82445c15683 -> 
  custom:scripting/monoscript/fileName/CinemachineSceneTools.cs: d63880a6073ab3335301b115db235b5b -> 
  custom:scripting/monoscript/fileName/Cinemachine3rdPersonFollowEditor.cs: f79aa162534f81c680877e6274b5d6ec -> 
  custom:scripting/monoscript/fileName/EmbeddedAssetPropertyDrawer.cs: fd7ebc18093de04c88d0cfc86fb060f5 -> 
  custom:container-demuxer-webm: 4f35f7cbe854078d1ac9338744f61a02 -> 
  custom:scripting/monoscript/fileName/CinemachineTriggerActionEditor.cs: 2309a2ec6192ace4cae8bab5a535978e -> 
  custom:scripting/monoscript/fileName/ConfinerOven.cs: ff23c03e90b61beb34474fc6e4ff668c -> 
  custom:scripting/monoscript/fileName/VcamTargetPropertyDrawer.cs: 9208050b1312b118a226fef2d63e8fa1 -> 
  custom:scripting/monoscript/fileName/CinemachineCollisionImpulseSource.cs: 9aae5e368cb7786be199f98f2122f96d -> 
  custom:scripting/monoscript/fileName/CinemachineClearShotEditor.cs: ca8875b47e775cd361c78158d7923690 -> 
  custom:scripting/monoscript/fileName/WaveformWindow.cs: 01bbc4fc017d41a2bab7fb57c988e8da -> 
  custom:scripting/monoscript/fileName/CinemachinePipeline.cs: 6ca7a5979a0a73ea1d450a8fc9b437ef -> 
  custom:scripting/monoscript/fileName/CinemachineEditorAnalytics.cs: de76cc292d7ecedcf47af6616498c9f9 -> 
  custom:scripting/monoscript/fileName/NoiseSettingsPropertyDrawer.cs: 8d3f69ba7eeec63914970bd3136b6ace -> 
  custom:scripting/monoscript/fileName/VcamStageEditor.cs: 84b0eaf932b448975a99972628e556d8 -> 
  custom:scripting/monoscript/fileName/CinemachineBrainEditor.cs: 49621d8b7679c0b5d128fef53d55becd -> 
  custom:scripting/monoscript/fileName/CinemachineFramingTransposerEditor.cs: 1653e1c00b2ca68b1d40f01e5bfb8445 -> 
  custom:scripting/monoscript/fileName/CinemachineShotEditor.cs: 2ba28b209a4ad7f0a791994d2360a9af -> 
  custom:scripting/monoscript/fileName/CinemachineStateDrivenCameraEditor.cs: 77d9f0a97385f936d9b4ffaa686bce39 -> 
  custom:scripting/monoscript/fileName/OrbitalTransposerHeadingPropertyDrawer.cs: 22496b76ce84f35f630c90badc4babd8 -> 
  custom:scripting/monoscript/fileName/BasicMovement.cs: a880b29f2a71af6c65a37a45b20c49c7 -> 
  custom:scripting/monoscript/fileName/CinemachineHardLockToTargetEditor.cs: c65eaafd47115974a2a9379aae467b0e -> 
  custom:scripting/monoscript/fileName/CinemachinePathEditor.cs: ce10985fbf0e018e2dea63fedae131ba -> 
  custom:scripting/monoscript/fileName/CinemachineCollider.cs: 8fa92f525b1c31cd81812685d7f8c288 -> 
  custom:audio-encoder-webm-vorbis: bf7c407c2cedff20999df2af8eb42d56 -> 
  custom:scripting/monoscript/fileName/CameraState.cs: 6ae7088fa20820e052d1e4d86059e90b -> 
  custom:scripting/monoscript/fileName/CameraMe.cs: 7c1f197c71b319c626f5e49d4f89eacb -> 
  custom:scripting/monoscript/fileName/CinemachineToolbarOverlay.cs: 371b6fc494252d6fda34e207e170cb66 -> 
  custom:scripting/monoscript/fileName/CinemachineCollisionImpulseSourceEditor.cs: 29f9a522ec6b23375849ba08fd597c8d -> 
  custom:scripting/monoscript/fileName/CinemachineIndependentImpulseListener.cs: 91ae8748b9c36955c333e57505ff90fb -> 
  custom:scripting/monoscript/fileName/CinemachineMixingCameraEditor.cs: 1c122a21d710512fec62cdc7bd351681 -> 
  custom:scripting/monoscript/fileName/CinemachinePostProcessing.cs: bf9b100a1b61fd5383288bc96487c194 -> 
  custom:scripting/monoscript/fileName/CinemachineInputProvider.cs: ecb845de690695f08b3b3bb647cc7006 -> 
  custom:scripting/monoscript/fileName/CinemachineColliderEditor.cs: 859d1abbd669ee84cb713f6d4d0e1c5f -> 
  custom:scripting/monoscript/fileName/CinemachineSameAsFollowTarget.cs: bcfa2d394e1e5460b4ef3dc039214a16 -> 
  custom:scripting/monoscript/fileName/CinemachineExtension.cs: 6968db4afcdc301f6acb1ef4fbadb2f4 -> 
  custom:scripting/monoscript/fileName/CinemachineTargetGroup.cs: 10a09aa736b3a25da6dd9fc3c4dd9d36 -> 
  custom:scripting/monoscript/fileName/CinemachineVirtualCameraBaseEditor.cs: 13ee4931cd85df4b22852d0547b5e690 -> 
  custom:scripting/monoscript/fileName/UpdateTracker.cs: 3dac8a24a32a32e4bbfeb38ed26ef250 -> 
  custom:scripting/monoscript/fileName/CinemachineComposerEditor.cs: dda533b9c6cb2b366292f584704bd904 -> 
  custom:scripting/monoscript/fileName/Cinemachine3rdPersonFollow.cs: 4600bac2bdf6b37d80e86f9aa5a413c3 -> 
  custom:scripting/monoscript/fileName/CameraFollow.cs: de990732cc429467f8f49571d0872163 -> 
  custom:scripting/monoscript/fileName/EmbeddedAssetHelpers.cs: 90647cc400823b41df847a6cbfc29026 -> 
  custom:scripting/precompiled-assembly-types:Assembly-CSharp: eaca92c3b670a8148fe72fbcf5d47eac -> 67436ea41a9d3017f292b886f19aa56f
  custom:scripting/monoscript/fileName/CinemachineBlendListCamera.cs: 66104ac24fef171d9f5d5b93a8cb2f83 -> 
  custom:scripting/monoscript/fileName/CinemachineComponentBase.cs: 5293f153c13e9bd2fc262ec31ff69206 -> 
  custom:scripting/monoscript/fileName/BaseEditor.cs: 90647cc400823b41df847a6cbfc29026 -> 
  custom:container-muxer-webm: aa71ff27fc2769a1b78a27578f13a17b -> 
  custom:scripting/monoscript/fileName/SaveDuringPlay.cs: de39f1962b337699845d3d8a2e8f5bde -> 
========================================================================
Received Prepare
Caller must complete domain reload
Begin MonoManager ReloadAssembly
- Loaded All Assemblies, in  0.268 seconds
Native extension for WindowsStandalone target not found
Native extension for WebGL target not found
[Package Manager] Server::EnsureServerProcessIsRunning -- launch failed, reason: Unity was launched with the -noUpm command-line argument
[Package Manager] UpmClient::Send -- Unable to send message (not connected to UPM process).
[Package Manager] Cannot connect to Unity Package Manager local server
[Package Manager] Server::EnsureServerProcessIsRunning -- launch failed, reason: Unity was launched with the -noUpm command-line argument
[Package Manager] UpmClient::Send -- Unable to send message (not connected to UPM process).
[Package Manager] Cannot connect to Unity Package Manager local server
Mono: successfully reloaded assembly
[Package Manager] Server::EnsureServerProcessIsRunning -- launch failed, reason: Unity was launched with the -noUpm command-line argument
[Package Manager] UpmClient::Send -- Unable to send message (not connected to UPM process).
[Package Manager] Cannot connect to Unity Package Manager local server
- Finished resetting the current domain, in  0.712 seconds
Domain Reload Profiling: 980ms
	BeginReloadAssembly (112ms)
		ExecutionOrderSort (0ms)
		DisableScriptedObjects (3ms)
		BackupInstance (0ms)
		ReleaseScriptingObjects (0ms)
		CreateAndSetChildDomain (24ms)
	RebuildCommonClasses (22ms)
	RebuildNativeTypeToScriptingClass (9ms)
	initialDomainReloadingComplete (19ms)
	LoadAllAssembliesAndSetupDomain (105ms)
		LoadAssemblies (156ms)
		RebuildTransferFunctionScriptingTraits (0ms)
		AnalyzeDomain (10ms)
			TypeCache.Refresh (5ms)
				TypeCache.ScanAssembly (0ms)
			ScanForSourceGeneratedMonoScriptInfo (0ms)
			ResolveRequiredComponents (4ms)
	FinalizeReload (713ms)
		ReleaseScriptCaches (0ms)
		RebuildScriptCaches (0ms)
		SetupLoadedEditorAssemblies (491ms)
			LogAssemblyErrors (0ms)
			InitializePlatformSupportModulesInManaged (6ms)
			SetLoadedEditorAssemblies (2ms)
			RefreshPlugins (0ms)
			BeforeProcessingInitializeOnLoad (31ms)
			ProcessInitializeOnLoadAttributes (419ms)
			ProcessInitializeOnLoadMethodAttributes (31ms)
			AfterProcessingInitializeOnLoad (2ms)
			EditorAssembliesLoaded (0ms)
		ExecutionOrderSort2 (0ms)
		AwakeInstancesAfterBackupRestoration (7ms)
Refreshing native plugins compatible for Editor in 1.43 ms, found 2 plugins.
Preloading 0 native plugins for Editor in 0.00 ms.
Unloading 1823 Unused Serialized files (Serialized files now loaded: 0)
Unloading 12 unused Assets / (132.0 KB). Loaded Objects now: 2515.
Memory consumption went from 95.9 MB to 95.7 MB.
Total: 4.137300 ms (FindLiveObjects: 0.151500 ms CreateObjectMapping: 0.059700 ms MarkObjects: 3.803400 ms  DeleteObjects: 0.121600 ms)

Prepare: number of updated asset objects reloaded= 0
AssetImportParameters requested are different than current active one (requested -> active):
  custom:scripting/monoscript/fileName/CinemachineGroupComposerEditor.cs: 54a07f36704e77a685a5e7e8c8b2c216 -> 
  custom:video-decoder-webm-vp8: 9c59270c3fd7afecdb556c50c9e8de78 -> 
  custom:scripting/monoscript/fileName/CinemachineConfinerEditor.cs: cc6c898a3390647ab91613c8a96de4b4 -> 
  custom:scripting/monoscript/fileName/CinemachineHardLookAt.cs: 792580aec23d39bcecd7ceea4c27a0ce -> 
  custom:scripting/monoscript/fileName/CinemachineInputAxisDriver.cs: 7e424e54660fed310c58dc98ea41042e -> 
  custom:scripting/monoscript/fileName/CinemachineStoryboardEditor.cs: 2e7ec8bfb72013eaaff4873a27da019c -> 
  custom:scripting/monoscript/fileName/CinemachineBasicMultiChannelPerlin.cs: bd5416e75860cd63657371207eb79058 -> 
  custom:scripting/monoscript/fileName/CinemachineBlendDefinitionPropertyDrawer.cs: 7ae344d19d646b738f3c65294becf216 -> 
  custom:scripting/monoscript/fileName/CinemachineTrackedDollyEditor.cs: b4d6784c58752cea58aafd9a76ca4459 -> 
  custom:scripting/monoscript/fileName/CinemachineImpulseManager.cs: c34be3577a810e26fd0110c580799b88 -> 
  custom:scripting/monoscript/fileName/CinemachineSmoothPath.cs: c28db2688f35d70587b5f943431a010a -> 
  custom:SearchIndexIgnoredProperties: e643bd26f0fe6173181afceb89e7c659 -> 
  custom:scripting/monoscript/fileName/CinemachineStateDrivenCamera.cs: aea2468a7384be4ba6d1b043ccec135d -> 
  custom:container-demuxer-ogg: 62fdf1f143b41e24485cea50d1cbac27 -> 
  custom:scripting/monoscript/fileName/CinemachineBlenderSettings.cs: 9adcb80668a56be4cd8e31c1d3dc60ae -> 
  custom:AudioImporter_EditorPlatform: d09bf68614088b80899f8185d706f6e7 -> 
  custom:scripting/monoscript/fileName/SignalSourceAsset.cs: f7ffd463dece56bad278f5a8d3ed7fc6 -> 
  custom:scripting/monoscript/fileName/CinemachineMixingCamera.cs: 739c5ceb76c01023f431794ec46a0177 -> 
  custom:scripting/monoscript/fileName/CinemachineCore.cs: fe6c3be993819098833de1628bfd76b2 -> 
  custom:scripting/monoscript/fileName/CinemachinePath.cs: b443d3c8837a65ddc3c78741cd58ec71 -> 
  custom:scripting/monoscript/fileName/CinemachineImpulseChannelPropertyDrawer.cs: 4b6390a17916751618e2a45cb8d47a80 -> 
  custom:scripting/monoscript/fileName/SerializedPropertyHelper.cs: b04ac165255e34bc2935ca9bf180e209 -> 
  custom:scripting/monoscript/fileName/CinemachineFramingTransposer.cs: 7943c9d436748359882d8f978cf86c91 -> 
  custom:scripting/monoscript/fileName/CinemachineImpulseListenerEditor.cs: d5d28e418f87c111bce1c1b98f1f70ba -> 
  custom:scripting/monoscript/fileName/AxisState.cs: 1a494a66d8b9a58f4a6873f89bf5b094 -> 
  custom:scripting/monoscript/fileName/CinemachineDollyCart.cs: bbe9d07f4a2f7ee5ab002e66cb05f922 -> 
  custom:scripting/monoscript/fileName/CinemachineStoryboard.cs: 59a2099f76be9b47af1e12ed7d40f553 -> 
  custom:scripting/monoscript/fileName/CinemachineClearShot.cs: 1da15f5c7903497ce3ae982ee4ee4779 -> 
  custom:scripting/monoscript/fileName/CinemachinePOVEditor.cs: 71db5a9242a182995b4ca15db516f628 -> 
  custom:scripting/monoscript/fileName/CinemachineMixer.cs: 2e36eb9e732dd7c8a32e8f83daebd6f4 -> 
  custom:scripting/monoscript/fileName/CinemachinePixelPerfect.cs: 2f42bea4517739481ed2553d1616050e -> 
  custom:scripting/monoscript/fileName/CinemachineTrackedDolly.cs: f6a9c21b27ad86d45f62f6b444ccbb49 -> 
  custom:scripting/monoscript/fileName/CinemachineHardLookAtEditor.cs: 15b8f2af6a6d786898ce5dd6b0db26dc -> 
  custom:scripting/monoscript/fileName/CinemachineConfiner.cs: 3813336c17662a5cb6b59ce5f1954254 -> 
  custom:video-codec-MediaFoundation-h265: 746d11721c4dcdbdad8f713fa42b33f4 -> 
  custom:scripting/monoscript/fileName/CinemachineComposer.cs: e399dfd36807c341da7cd182ce299d1e -> 
  custom:scripting/monoscript/fileName/CinemachineTrack.cs: 4b50d47d507c57dc81b82253ec075194 -> 
  custom:scripting/monoscript/fileName/CinemachineSmoothPathEditor.cs: 7555bcba4eb760e012dd21c6730ae562 -> 
  custom:scripting/monoscript/fileName/ScriptableObjectUtility.cs: c529d074f6f57a07e3f410d488963bbc -> 
  custom:scripting/monoscript/fileName/CinemachineBrain.cs: 365b4e0b6319f064062e97b8f8e32c8e -> 
  custom:scripting/monoscript/fileName/CinemachineImpulseDefinitionPropertyDrawer.cs: 1b2fc77b0a80a7e0e9045e0d44fb761c -> 
  custom:scripting/monoscript/fileName/CinemachineColliderPrefs.cs: 47106451d4685409820905badf49b71f -> 
  custom:scripting/monoscript/fileName/CinemachineFollowZoom.cs: eb74e2e98d3dc4647324e113f34710ca -> 
  custom:scripting/monoscript/fileName/CinemachineDebug.cs: 3077ed3b64725184c652d4c07ac732fd -> 
  custom:scripting/monoscript/fileName/CinemachineLensPresets.cs: 014747fb0ab87178c677520d0bf20bf7 -> 
  custom:video-decoder-ogg-theora: a1e56fd34408186e4bbccfd4996cb3dc -> 
  custom:scripting/monoscript/fileName/CinemachineOrbitalTransposer.cs: 71c52878ba6d43827473a480056a99da -> 
  custom:scripting/monoscript/fileName/CinemachineCameraOffset.cs: a6887f67d3eb83cc6393b822d4e65121 -> 
  custom:scripting/monoscript/fileName/ICinemachineCamera.cs: 2faad4f04eaf5d98c2870adbfb06184e -> 
  custom:scripting/monoscript/fileName/CinemachinePathBase.cs: debb99764287c54cae06313e2d6a1fe1 -> 
  custom:scripting/monoscript/fileName/CinemachineImpulseSource.cs: ac073b8453e26c5dd422d5f1a90a7ff2 -> 
  custom:scripting/monoscript/fileName/CinemachineShotPlayable.cs: e346ad1ecb4af45da55274cb9abd9ec0 -> 
  custom:scripting/monoscript/fileName/CinemachineTagFieldPropertyDrawer.cs: e78491a12decd558a49d01cc583bfcfb -> 
  custom:framework-win-MediaFoundation: 216162199b28c13a410421893ffa2e32 -> 
  custom:scripting/monoscript/fileName/CinemachineVolumeSettings.cs: 22782cc3dbf8dfd1cb54e8486f29fe0d -> 
  custom:scripting/monoscript/fileName/CinemachineImpulseEnvelopePropertyDrawer.cs: 07e00c9c84964a5c7e4f3f19e4263ec1 -> 
  custom:scripting/monoscript/fileName/SplineHelpers.cs: 9e5bf4293b3828088291b7871e233a27 -> 
  custom:scripting/monoscript/fileName/CinemachineImpulseSourceEditor.cs: 0ef7804c69c18838aa65e6d5bae5b055 -> 
  custom:scripting/monoscript/fileName/CinemachineExternalCameraEditor.cs: d74df442250b898c9b40669a19100e9d -> 
  custom:scripting/monoscript/fileName/NewBehaviourScript.cs: b21687ddb03d73bd9f0c1daecb9714de -> 
  custom:scripting/monoscript/fileName/CinemachineSameAsFollowTargetEditor.cs: 6def40fc1e39b3242347b6630fb5127e -> 
  custom:scripting/monoscript/fileName/CinemachineTargetGroupEditor.cs: f70ac85df8c1c9bd0b83a35534bafd1f -> 
  custom:scripting/monoscript/fileName/CinemachineRecomposer.cs: 07354cca81f7d0775b027b5906330569 -> 
  custom:scripting/monoscript/fileName/CinemachineTransposer.cs: aa226dd144b3a977b86ea888b85df5fa -> 
  custom:scripting/monoscript/fileName/CinemachineBlendListCameraEditor.cs: dbc12d2a9f3e2999a067290c411b2aca -> 
  custom:scripting/monoscript/fileName/TargetPositionCache.cs: 49ce97e6930a536b43825141e0c2d3a4 -> 
  custom:scripting/monoscript/fileName/CinemachineShot.cs: 3d4d9d05534db20e82d871d98ea52716 -> 
  custom:scripting/monoscript/fileName/CinemachineBasicMultiChannelPerlinEditor.cs: d6749cd6c482efa27bdd41f60394f1b9 -> 
  custom:scripting/monoscript/fileName/UnityVectorExtensions.cs: 052777772edecdffe26d41a6a989641e -> 
  custom:scripting/monoscript/fileName/CinemachineHardLockToTarget.cs: d349308c5b4f600a345055c394206f52 -> 
  custom:scripting/monoscript/fileName/CinemachineImpulseChannels.cs: a9a39cc5ecea1f083db0fce154eec19c -> 
  custom:scripting/monoscript/fileName/CinemachineConfiner2D.cs: beb10be0db8ff9d3a94bd0a150963b9b -> 
  custom:scripting/monoscript/fileName/LensSettings.cs: 4335e899502c57ee4480b8c9aa915366 -> 
  custom:scripting/monoscript/fileName/CinemachineExternalCamera.cs: d76122377115c288d881064c3f07a3f1 -> 
  custom:scripting/monoscript/fileName/Cinemachine3rdPersonAim.cs: 4bd230d915f070bb3cae23bef6f7ab70 -> 
  custom:scripting/monoscript/fileName/ReflectionHelpers.cs: 60a5d38af3e775d0a421a7ff630d61cc -> 
  custom:scripting/monoscript/fileName/CinemachineVirtualCamera.cs: f16f2dc5bc1261579875c19605c45301 -> 
  custom:scripting/monoscript/fileName/Predictor.cs: d51584936cb5b31b30ee7b444e03385b -> 
  custom:scripting/monoscript/fileName/CinemachineImpulseListener.cs: 6aac146243d38e7a67346170caa40ea1 -> 
  custom:scripting/monoscript/fileName/CinemachineOrbitalTransposerEditor.cs: 5ea2e4bec7ee6c24917bd86647f4bffa -> 
  custom:scripting/monoscript/fileName/CinemachineConfiner2DEditor.cs: 3f4b3d9b17ff5cd560135aa24f822994 -> 
  custom:scripting/monoscript/fileName/GroupWeightManipulator.cs: 588749cf3436a8199e762a8e09bc8de7 -> 
  custom:scripting/monoscript/fileName/AxisStatePropertyDrawer.cs: 2d807695a513641e771c78e6c342ff04 -> 
  custom:video-encoder-webm-vp8: eb34c28f22e8b96e1ab97ce403110664 -> 
  custom:scripting/monoscript/fileName/CinemachineScreenComposerGuides.cs: cdc7ea02ccc4c8d1561d98d16760d1ca -> 
  custom:scripting/monoscript/fileName/CinemachinePropertyAttribute.cs: e8158d9725ac3a9129a08e46a4ff7519 -> 
  custom:scripting/monoscript/fileName/CinemachineVirtualCameraEditor.cs: 2e051d0c474634e907fe4123d6e2656e -> 
  custom:scripting/monoscript/fileName/CinemachineMenu.cs: 7b932811d9fa1e44d0d8b2b9ed75adf3 -> 
  custom:scripting/monoscript/fileName/RuntimeUtility.cs: 8c92a9f673836e5d2084dbeb0f10159f -> 
  custom:scripting/monoscript/fileName/CinemachineFreeLook.cs: bebc32b18bc4beddc113bad68624e557 -> 
  custom:scripting/monoscript/fileName/CinemachineSettings.cs: 197f6d5ad32e253546b5afa056a5bba4 -> 
  custom:audio-decoder-ogg-vorbis: bf7c407c2cedff20999df2af8eb42d56 -> 
  custom:scripting/monoscript/fileName/CinemachineGroupComposer.cs: 173a689a80ef321c302f9c045419668f -> 
  custom:scripting/monoscript/fileName/CinemachineVirtualCameraBase.cs: c7e60cccdcb14ee2a33da9fd46c1c54f -> 
  custom:scripting/monoscript/fileName/CinemachineFixedSignal.cs: aedcdca7a861da6e456e0ae105b24c41 -> 
  custom:scripting/monoscript/fileName/CinemachineShotClipEditor.cs: 123a48531bf1d1b4f3c8398556caec62 -> 
  custom:scripting/monoscript/fileName/CinemachineNoiseSettingsEditor.cs: 9056e69d9c759ba2504535054fff31c9 -> 
  custom:scripting/monoscript/fileName/CinemachineTouchInputMapper.cs: b9698729a07a7d31c864247e0582b566 -> 
  custom:scripting/monoscript/fileName/CinemachineTriggerAction.cs: cab9c5d02c28af05797c2c3743539bdb -> 
  custom:scripting/monoscript/fileName/InspectorUtility.cs: e13a8546bf784ce9963c508abb88926b -> 
  custom:CustomObjectIndexerAttribute: 9a22284fe3817be447336de3de66b15e -> 
  custom:scripting/monoscript/fileName/CinemachinePOV.cs: e4df06d1994174afa286b103eb06ee7f -> 
  custom:scripting/monoscript/fileName/CinemachineBlenderSettingsEditor.cs: c57aa7de12bc3e7367ca091f4902c67b -> 
  custom:scripting/monoscript/fileName/CinemachineBlend.cs: f33659d50c4d86144d649aa7e8196529 -> 
  custom:scripting/precompiled-assembly-types:Cinemachine: 54c8b091bb91c32bfeada952c9c53e21 -> 
  custom:scripting/monoscript/fileName/CinemachineImpulseDefinition.cs: 3d434086a2bdaf715abf85e79e9f14b4 -> 
  custom:scripting/precompiled-assembly-types:com.unity.cinemachine.editor: e24bde9f61664824443e2ae04112f2bb -> 
  custom:scripting/monoscript/fileName/CinemachineFreeLookEditor.cs: 9641291977c1891a004ac4c4c259e1c8 -> 
  custom:scripting/monoscript/fileName/CinemachineTransposerEditor.cs: 85841a774ddea4fb7232a7a585f716b4 -> 
  custom:scripting/monoscript/fileName/clipper.cs: 2a50e35a835148907b3c1fa8e187ab2b -> 
  custom:scripting/monoscript/fileName/NoiseSettings.cs: 443d576e0c72ab62870476103c9384ec -> 
  custom:scripting/monoscript/fileName/GaussianFilter.cs: 0a3672ebe80edf7c5daca82445c15683 -> 
  custom:scripting/monoscript/fileName/CinemachineSceneTools.cs: d63880a6073ab3335301b115db235b5b -> 
  custom:scripting/monoscript/fileName/Cinemachine3rdPersonFollowEditor.cs: f79aa162534f81c680877e6274b5d6ec -> 
  custom:scripting/monoscript/fileName/EmbeddedAssetPropertyDrawer.cs: fd7ebc18093de04c88d0cfc86fb060f5 -> 
  custom:container-demuxer-webm: 4f35f7cbe854078d1ac9338744f61a02 -> 
  custom:scripting/monoscript/fileName/CinemachineTriggerActionEditor.cs: 2309a2ec6192ace4cae8bab5a535978e -> 
  custom:scripting/monoscript/fileName/ConfinerOven.cs: ff23c03e90b61beb34474fc6e4ff668c -> 
  custom:scripting/monoscript/fileName/VcamTargetPropertyDrawer.cs: 9208050b1312b118a226fef2d63e8fa1 -> 
  custom:scripting/monoscript/fileName/CinemachineCollisionImpulseSource.cs: 9aae5e368cb7786be199f98f2122f96d -> 
  custom:scripting/monoscript/fileName/CinemachineClearShotEditor.cs: ca8875b47e775cd361c78158d7923690 -> 
  custom:scripting/monoscript/fileName/WaveformWindow.cs: 01bbc4fc017d41a2bab7fb57c988e8da -> 
  custom:scripting/monoscript/fileName/CinemachinePipeline.cs: 6ca7a5979a0a73ea1d450a8fc9b437ef -> 
  custom:scripting/monoscript/fileName/CinemachineEditorAnalytics.cs: de76cc292d7ecedcf47af6616498c9f9 -> 
  custom:scripting/monoscript/fileName/NoiseSettingsPropertyDrawer.cs: 8d3f69ba7eeec63914970bd3136b6ace -> 
  custom:scripting/monoscript/fileName/VcamStageEditor.cs: 84b0eaf932b448975a99972628e556d8 -> 
  custom:scripting/monoscript/fileName/CinemachineBrainEditor.cs: 49621d8b7679c0b5d128fef53d55becd -> 
  custom:scripting/monoscript/fileName/CinemachineFramingTransposerEditor.cs: 1653e1c00b2ca68b1d40f01e5bfb8445 -> 
  custom:scripting/monoscript/fileName/CinemachineShotEditor.cs: 2ba28b209a4ad7f0a791994d2360a9af -> 
  custom:scripting/monoscript/fileName/CinemachineStateDrivenCameraEditor.cs: 77d9f0a97385f936d9b4ffaa686bce39 -> 
  custom:scripting/monoscript/fileName/OrbitalTransposerHeadingPropertyDrawer.cs: 22496b76ce84f35f630c90badc4babd8 -> 
  custom:scripting/monoscript/fileName/BasicMovement.cs: a880b29f2a71af6c65a37a45b20c49c7 -> 
  custom:scripting/monoscript/fileName/CinemachineHardLockToTargetEditor.cs: c65eaafd47115974a2a9379aae467b0e -> 
  custom:scripting/monoscript/fileName/CinemachinePathEditor.cs: ce10985fbf0e018e2dea63fedae131ba -> 
  custom:scripting/monoscript/fileName/CinemachineCollider.cs: 8fa92f525b1c31cd81812685d7f8c288 -> 
  custom:audio-encoder-webm-vorbis: bf7c407c2cedff20999df2af8eb42d56 -> 
  custom:scripting/monoscript/fileName/CameraState.cs: 6ae7088fa20820e052d1e4d86059e90b -> 
  custom:scripting/monoscript/fileName/CameraMe.cs: 7c1f197c71b319c626f5e49d4f89eacb -> 
  custom:scripting/monoscript/fileName/CinemachineToolbarOverlay.cs: 371b6fc494252d6fda34e207e170cb66 -> 
  custom:scripting/monoscript/fileName/CinemachineCollisionImpulseSourceEditor.cs: 29f9a522ec6b23375849ba08fd597c8d -> 
  custom:scripting/monoscript/fileName/CinemachineIndependentImpulseListener.cs: 91ae8748b9c36955c333e57505ff90fb -> 
  custom:scripting/monoscript/fileName/CinemachineMixingCameraEditor.cs: 1c122a21d710512fec62cdc7bd351681 -> 
  custom:scripting/monoscript/fileName/CinemachinePostProcessing.cs: bf9b100a1b61fd5383288bc96487c194 -> 
  custom:scripting/monoscript/fileName/CinemachineInputProvider.cs: ecb845de690695f08b3b3bb647cc7006 -> 
  custom:scripting/monoscript/fileName/CinemachineColliderEditor.cs: 859d1abbd669ee84cb713f6d4d0e1c5f -> 
  custom:scripting/monoscript/fileName/CinemachineSameAsFollowTarget.cs: bcfa2d394e1e5460b4ef3dc039214a16 -> 
  custom:scripting/monoscript/fileName/CinemachineExtension.cs: 6968db4afcdc301f6acb1ef4fbadb2f4 -> 
  custom:scripting/monoscript/fileName/CinemachineTargetGroup.cs: 10a09aa736b3a25da6dd9fc3c4dd9d36 -> 
  custom:scripting/monoscript/fileName/CinemachineVirtualCameraBaseEditor.cs: 13ee4931cd85df4b22852d0547b5e690 -> 
  custom:scripting/monoscript/fileName/UpdateTracker.cs: 3dac8a24a32a32e4bbfeb38ed26ef250 -> 
  custom:scripting/monoscript/fileName/CinemachineComposerEditor.cs: dda533b9c6cb2b366292f584704bd904 -> 
  custom:scripting/monoscript/fileName/Cinemachine3rdPersonFollow.cs: 4600bac2bdf6b37d80e86f9aa5a413c3 -> 
  custom:scripting/monoscript/fileName/CameraFollow.cs: de990732cc429467f8f49571d0872163 -> 
  custom:scripting/monoscript/fileName/EmbeddedAssetHelpers.cs: 90647cc400823b41df847a6cbfc29026 -> 
  custom:scripting/precompiled-assembly-types:Assembly-CSharp: eaca92c3b670a8148fe72fbcf5d47eac -> 67436ea41a9d3017f292b886f19aa56f
  custom:scripting/monoscript/fileName/CinemachineBlendListCamera.cs: 66104ac24fef171d9f5d5b93a8cb2f83 -> 
  custom:scripting/monoscript/fileName/CinemachineComponentBase.cs: 5293f153c13e9bd2fc262ec31ff69206 -> 
  custom:scripting/monoscript/fileName/BaseEditor.cs: 90647cc400823b41df847a6cbfc29026 -> 
  custom:container-muxer-webm: aa71ff27fc2769a1b78a27578f13a17b -> 
  custom:scripting/monoscript/fileName/SaveDuringPlay.cs: de39f1962b337699845d3d8a2e8f5bde -> 
========================================================================
Received Prepare
Caller must complete domain reload
Begin MonoManager ReloadAssembly
- Loaded All Assemblies, in  0.372 seconds
Native extension for WindowsStandalone target not found
Native extension for WebGL target not found
[Package Manager] Server::EnsureServerProcessIsRunning -- launch failed, reason: Unity was launched with the -noUpm command-line argument
[Package Manager] UpmClient::Send -- Unable to send message (not connected to UPM process).
[Package Manager] Cannot connect to Unity Package Manager local server
[Package Manager] Server::EnsureServerProcessIsRunning -- launch failed, reason: Unity was launched with the -noUpm command-line argument
[Package Manager] UpmClient::Send -- Unable to send message (not connected to UPM process).
[Package Manager] Cannot connect to Unity Package Manager local server
Mono: successfully reloaded assembly
[Package Manager] Server::EnsureServerProcessIsRunning -- launch failed, reason: Unity was launched with the -noUpm command-line argument
[Package Manager] UpmClient::Send -- Unable to send message (not connected to UPM process).
[Package Manager] Cannot connect to Unity Package Manager local server
- Finished resetting the current domain, in  1.114 seconds
Domain Reload Profiling: 1486ms
	BeginReloadAssembly (149ms)
		ExecutionOrderSort (0ms)
		DisableScriptedObjects (4ms)
		BackupInstance (0ms)
		ReleaseScriptingObjects (0ms)
		CreateAndSetChildDomain (28ms)
	RebuildCommonClasses (40ms)
	RebuildNativeTypeToScriptingClass (15ms)
	initialDomainReloadingComplete (20ms)
	LoadAllAssembliesAndSetupDomain (146ms)
		LoadAssemblies (212ms)
		RebuildTransferFunctionScriptingTraits (0ms)
		AnalyzeDomain (22ms)
			TypeCache.Refresh (10ms)
				TypeCache.ScanAssembly (0ms)
			ScanForSourceGeneratedMonoScriptInfo (7ms)
			ResolveRequiredComponents (4ms)
	FinalizeReload (1115ms)
		ReleaseScriptCaches (0ms)
		RebuildScriptCaches (0ms)
		SetupLoadedEditorAssemblies (812ms)
			LogAssemblyErrors (0ms)
			InitializePlatformSupportModulesInManaged (9ms)
			SetLoadedEditorAssemblies (5ms)
			RefreshPlugins (0ms)
			BeforeProcessingInitializeOnLoad (52ms)
			ProcessInitializeOnLoadAttributes (697ms)
			ProcessInitializeOnLoadMethodAttributes (47ms)
			AfterProcessingInitializeOnLoad (3ms)
			EditorAssembliesLoaded (0ms)
		ExecutionOrderSort2 (0ms)
		AwakeInstancesAfterBackupRestoration (10ms)
Refreshing native plugins compatible for Editor in 2.21 ms, found 2 plugins.
Preloading 0 native plugins for Editor in 0.00 ms.
Unloading 1823 Unused Serialized files (Serialized files now loaded: 0)
Unloading 12 unused Assets / (132.0 KB). Loaded Objects now: 2531.
Memory consumption went from 95.9 MB to 95.8 MB.
Total: 3.198800 ms (FindLiveObjects: 0.099200 ms CreateObjectMapping: 0.046100 ms MarkObjects: 2.916800 ms  DeleteObjects: 0.135400 ms)

Prepare: number of updated asset objects reloaded= 0
AssetImportParameters requested are different than current active one (requested -> active):
  custom:scripting/monoscript/fileName/CinemachineGroupComposerEditor.cs: 54a07f36704e77a685a5e7e8c8b2c216 -> 
  custom:video-decoder-webm-vp8: 9c59270c3fd7afecdb556c50c9e8de78 -> 
  custom:scripting/monoscript/fileName/CinemachineConfinerEditor.cs: cc6c898a3390647ab91613c8a96de4b4 -> 
  custom:scripting/monoscript/fileName/CinemachineHardLookAt.cs: 792580aec23d39bcecd7ceea4c27a0ce -> 
  custom:scripting/monoscript/fileName/CinemachineInputAxisDriver.cs: 7e424e54660fed310c58dc98ea41042e -> 
  custom:scripting/monoscript/fileName/CinemachineStoryboardEditor.cs: 2e7ec8bfb72013eaaff4873a27da019c -> 
  custom:scripting/monoscript/fileName/CinemachineBasicMultiChannelPerlin.cs: bd5416e75860cd63657371207eb79058 -> 
  custom:scripting/monoscript/fileName/CinemachineBlendDefinitionPropertyDrawer.cs: 7ae344d19d646b738f3c65294becf216 -> 
  custom:scripting/monoscript/fileName/CinemachineTrackedDollyEditor.cs: b4d6784c58752cea58aafd9a76ca4459 -> 
  custom:scripting/monoscript/fileName/CinemachineImpulseManager.cs: c34be3577a810e26fd0110c580799b88 -> 
  custom:scripting/monoscript/fileName/CinemachineSmoothPath.cs: c28db2688f35d70587b5f943431a010a -> 
  custom:SearchIndexIgnoredProperties: e643bd26f0fe6173181afceb89e7c659 -> 
  custom:scripting/monoscript/fileName/CinemachineStateDrivenCamera.cs: aea2468a7384be4ba6d1b043ccec135d -> 
  custom:container-demuxer-ogg: 62fdf1f143b41e24485cea50d1cbac27 -> 
  custom:scripting/monoscript/fileName/CinemachineBlenderSettings.cs: 9adcb80668a56be4cd8e31c1d3dc60ae -> 
  custom:AudioImporter_EditorPlatform: d09bf68614088b80899f8185d706f6e7 -> 
  custom:scripting/monoscript/fileName/SignalSourceAsset.cs: f7ffd463dece56bad278f5a8d3ed7fc6 -> 
  custom:scripting/monoscript/fileName/CinemachineMixingCamera.cs: 739c5ceb76c01023f431794ec46a0177 -> 
  custom:scripting/monoscript/fileName/CinemachineCore.cs: fe6c3be993819098833de1628bfd76b2 -> 
  custom:scripting/monoscript/fileName/CinemachinePath.cs: b443d3c8837a65ddc3c78741cd58ec71 -> 
  custom:scripting/monoscript/fileName/CinemachineImpulseChannelPropertyDrawer.cs: 4b6390a17916751618e2a45cb8d47a80 -> 
  custom:scripting/monoscript/fileName/SerializedPropertyHelper.cs: b04ac165255e34bc2935ca9bf180e209 -> 
  custom:scripting/monoscript/fileName/CinemachineFramingTransposer.cs: 7943c9d436748359882d8f978cf86c91 -> 
  custom:scripting/monoscript/fileName/CinemachineImpulseListenerEditor.cs: d5d28e418f87c111bce1c1b98f1f70ba -> 
  custom:scripting/monoscript/fileName/AxisState.cs: 1a494a66d8b9a58f4a6873f89bf5b094 -> 
  custom:scripting/monoscript/fileName/CinemachineDollyCart.cs: bbe9d07f4a2f7ee5ab002e66cb05f922 -> 
  custom:scripting/monoscript/fileName/CinemachineStoryboard.cs: 59a2099f76be9b47af1e12ed7d40f553 -> 
  custom:scripting/monoscript/fileName/CinemachineClearShot.cs: 1da15f5c7903497ce3ae982ee4ee4779 -> 
  custom:scripting/monoscript/fileName/CinemachinePOVEditor.cs: 71db5a9242a182995b4ca15db516f628 -> 
  custom:scripting/monoscript/fileName/CinemachineMixer.cs: 2e36eb9e732dd7c8a32e8f83daebd6f4 -> 
  custom:scripting/monoscript/fileName/CinemachinePixelPerfect.cs: 2f42bea4517739481ed2553d1616050e -> 
  custom:scripting/monoscript/fileName/CinemachineTrackedDolly.cs: f6a9c21b27ad86d45f62f6b444ccbb49 -> 
  custom:scripting/monoscript/fileName/CinemachineHardLookAtEditor.cs: 15b8f2af6a6d786898ce5dd6b0db26dc -> 
  custom:scripting/monoscript/fileName/CinemachineConfiner.cs: 3813336c17662a5cb6b59ce5f1954254 -> 
  custom:video-codec-MediaFoundation-h265: 746d11721c4dcdbdad8f713fa42b33f4 -> 
  custom:scripting/monoscript/fileName/CinemachineComposer.cs: e399dfd36807c341da7cd182ce299d1e -> 
  custom:scripting/monoscript/fileName/CinemachineTrack.cs: 4b50d47d507c57dc81b82253ec075194 -> 
  custom:scripting/monoscript/fileName/CinemachineSmoothPathEditor.cs: 7555bcba4eb760e012dd21c6730ae562 -> 
  custom:scripting/monoscript/fileName/ScriptableObjectUtility.cs: c529d074f6f57a07e3f410d488963bbc -> 
  custom:scripting/monoscript/fileName/CinemachineBrain.cs: 365b4e0b6319f064062e97b8f8e32c8e -> 
  custom:scripting/monoscript/fileName/CinemachineImpulseDefinitionPropertyDrawer.cs: 1b2fc77b0a80a7e0e9045e0d44fb761c -> 
  custom:scripting/monoscript/fileName/CinemachineColliderPrefs.cs: 47106451d4685409820905badf49b71f -> 
  custom:scripting/monoscript/fileName/CinemachineFollowZoom.cs: eb74e2e98d3dc4647324e113f34710ca -> 
  custom:scripting/monoscript/fileName/CinemachineDebug.cs: 3077ed3b64725184c652d4c07ac732fd -> 
  custom:scripting/monoscript/fileName/CinemachineLensPresets.cs: 014747fb0ab87178c677520d0bf20bf7 -> 
  custom:video-decoder-ogg-theora: a1e56fd34408186e4bbccfd4996cb3dc -> 
  custom:scripting/monoscript/fileName/CinemachineOrbitalTransposer.cs: 71c52878ba6d43827473a480056a99da -> 
  custom:scripting/monoscript/fileName/CinemachineCameraOffset.cs: a6887f67d3eb83cc6393b822d4e65121 -> 
  custom:scripting/monoscript/fileName/ICinemachineCamera.cs: 2faad4f04eaf5d98c2870adbfb06184e -> 
  custom:scripting/monoscript/fileName/CinemachinePathBase.cs: debb99764287c54cae06313e2d6a1fe1 -> 
  custom:scripting/monoscript/fileName/CinemachineImpulseSource.cs: ac073b8453e26c5dd422d5f1a90a7ff2 -> 
  custom:scripting/monoscript/fileName/CinemachineShotPlayable.cs: e346ad1ecb4af45da55274cb9abd9ec0 -> 
  custom:scripting/monoscript/fileName/CinemachineTagFieldPropertyDrawer.cs: e78491a12decd558a49d01cc583bfcfb -> 
  custom:framework-win-MediaFoundation: 216162199b28c13a410421893ffa2e32 -> 
  custom:scripting/monoscript/fileName/CinemachineVolumeSettings.cs: 22782cc3dbf8dfd1cb54e8486f29fe0d -> 
  custom:scripting/monoscript/fileName/CinemachineImpulseEnvelopePropertyDrawer.cs: 07e00c9c84964a5c7e4f3f19e4263ec1 -> 
  custom:scripting/monoscript/fileName/SplineHelpers.cs: 9e5bf4293b3828088291b7871e233a27 -> 
  custom:scripting/monoscript/fileName/CinemachineImpulseSourceEditor.cs: 0ef7804c69c18838aa65e6d5bae5b055 -> 
  custom:scripting/monoscript/fileName/CinemachineExternalCameraEditor.cs: d74df442250b898c9b40669a19100e9d -> 
  custom:scripting/monoscript/fileName/NewBehaviourScript.cs: b21687ddb03d73bd9f0c1daecb9714de -> 
  custom:scripting/monoscript/fileName/CinemachineSameAsFollowTargetEditor.cs: 6def40fc1e39b3242347b6630fb5127e -> 
  custom:scripting/monoscript/fileName/CinemachineTargetGroupEditor.cs: f70ac85df8c1c9bd0b83a35534bafd1f -> 
  custom:scripting/monoscript/fileName/CinemachineRecomposer.cs: 07354cca81f7d0775b027b5906330569 -> 
  custom:scripting/monoscript/fileName/CinemachineTransposer.cs: aa226dd144b3a977b86ea888b85df5fa -> 
  custom:scripting/monoscript/fileName/CinemachineBlendListCameraEditor.cs: dbc12d2a9f3e2999a067290c411b2aca -> 
  custom:scripting/monoscript/fileName/TargetPositionCache.cs: 49ce97e6930a536b43825141e0c2d3a4 -> 
  custom:scripting/monoscript/fileName/CinemachineShot.cs: 3d4d9d05534db20e82d871d98ea52716 -> 
  custom:scripting/monoscript/fileName/CinemachineBasicMultiChannelPerlinEditor.cs: d6749cd6c482efa27bdd41f60394f1b9 -> 
  custom:scripting/monoscript/fileName/UnityVectorExtensions.cs: 052777772edecdffe26d41a6a989641e -> 
  custom:scripting/monoscript/fileName/CinemachineHardLockToTarget.cs: d349308c5b4f600a345055c394206f52 -> 
  custom:scripting/monoscript/fileName/CinemachineImpulseChannels.cs: a9a39cc5ecea1f083db0fce154eec19c -> 
  custom:scripting/monoscript/fileName/CinemachineConfiner2D.cs: beb10be0db8ff9d3a94bd0a150963b9b -> 
  custom:scripting/monoscript/fileName/LensSettings.cs: 4335e899502c57ee4480b8c9aa915366 -> 
  custom:scripting/monoscript/fileName/CinemachineExternalCamera.cs: d76122377115c288d881064c3f07a3f1 -> 
  custom:scripting/monoscript/fileName/Cinemachine3rdPersonAim.cs: 4bd230d915f070bb3cae23bef6f7ab70 -> 
  custom:scripting/monoscript/fileName/ReflectionHelpers.cs: 60a5d38af3e775d0a421a7ff630d61cc -> 
  custom:scripting/monoscript/fileName/CinemachineVirtualCamera.cs: f16f2dc5bc1261579875c19605c45301 -> 
  custom:scripting/monoscript/fileName/Predictor.cs: d51584936cb5b31b30ee7b444e03385b -> 
  custom:scripting/monoscript/fileName/CinemachineImpulseListener.cs: 6aac146243d38e7a67346170caa40ea1 -> 
  custom:scripting/monoscript/fileName/CinemachineOrbitalTransposerEditor.cs: 5ea2e4bec7ee6c24917bd86647f4bffa -> 
  custom:scripting/monoscript/fileName/CinemachineConfiner2DEditor.cs: 3f4b3d9b17ff5cd560135aa24f822994 -> 
  custom:scripting/monoscript/fileName/GroupWeightManipulator.cs: 588749cf3436a8199e762a8e09bc8de7 -> 
  custom:scripting/monoscript/fileName/AxisStatePropertyDrawer.cs: 2d807695a513641e771c78e6c342ff04 -> 
  custom:video-encoder-webm-vp8: eb34c28f22e8b96e1ab97ce403110664 -> 
  custom:scripting/monoscript/fileName/CinemachineScreenComposerGuides.cs: cdc7ea02ccc4c8d1561d98d16760d1ca -> 
  custom:scripting/monoscript/fileName/CinemachinePropertyAttribute.cs: e8158d9725ac3a9129a08e46a4ff7519 -> 
  custom:scripting/monoscript/fileName/CinemachineVirtualCameraEditor.cs: 2e051d0c474634e907fe4123d6e2656e -> 
  custom:scripting/monoscript/fileName/CinemachineMenu.cs: 7b932811d9fa1e44d0d8b2b9ed75adf3 -> 
  custom:scripting/monoscript/fileName/RuntimeUtility.cs: 8c92a9f673836e5d2084dbeb0f10159f -> 
  custom:scripting/monoscript/fileName/CinemachineFreeLook.cs: bebc32b18bc4beddc113bad68624e557 -> 
  custom:scripting/monoscript/fileName/CinemachineSettings.cs: 197f6d5ad32e253546b5afa056a5bba4 -> 
  custom:audio-decoder-ogg-vorbis: bf7c407c2cedff20999df2af8eb42d56 -> 
  custom:scripting/monoscript/fileName/CinemachineGroupComposer.cs: 173a689a80ef321c302f9c045419668f -> 
  custom:scripting/monoscript/fileName/CinemachineVirtualCameraBase.cs: c7e60cccdcb14ee2a33da9fd46c1c54f -> 
  custom:scripting/monoscript/fileName/CinemachineFixedSignal.cs: aedcdca7a861da6e456e0ae105b24c41 -> 
  custom:scripting/monoscript/fileName/CinemachineShotClipEditor.cs: 123a48531bf1d1b4f3c8398556caec62 -> 
  custom:scripting/monoscript/fileName/CinemachineNoiseSettingsEditor.cs: 9056e69d9c759ba2504535054fff31c9 -> 
  custom:scripting/monoscript/fileName/CinemachineTouchInputMapper.cs: b9698729a07a7d31c864247e0582b566 -> 
  custom:scripting/monoscript/fileName/CinemachineTriggerAction.cs: cab9c5d02c28af05797c2c3743539bdb -> 
  custom:scripting/monoscript/fileName/InspectorUtility.cs: e13a8546bf784ce9963c508abb88926b -> 
  custom:CustomObjectIndexerAttribute: 9a22284fe3817be447336de3de66b15e -> 
  custom:scripting/monoscript/fileName/CinemachinePOV.cs: e4df06d1994174afa286b103eb06ee7f -> 
  custom:scripting/monoscript/fileName/CinemachineBlenderSettingsEditor.cs: c57aa7de12bc3e7367ca091f4902c67b -> 
  custom:scripting/monoscript/fileName/CinemachineBlend.cs: f33659d50c4d86144d649aa7e8196529 -> 
  custom:scripting/precompiled-assembly-types:Cinemachine: 54c8b091bb91c32bfeada952c9c53e21 -> 
  custom:scripting/monoscript/fileName/CinemachineImpulseDefinition.cs: 3d434086a2bdaf715abf85e79e9f14b4 -> 
  custom:scripting/precompiled-assembly-types:com.unity.cinemachine.editor: e24bde9f61664824443e2ae04112f2bb -> 
  custom:scripting/monoscript/fileName/CinemachineFreeLookEditor.cs: 9641291977c1891a004ac4c4c259e1c8 -> 
  custom:scripting/monoscript/fileName/CinemachineTransposerEditor.cs: 85841a774ddea4fb7232a7a585f716b4 -> 
  custom:scripting/monoscript/fileName/clipper.cs: 2a50e35a835148907b3c1fa8e187ab2b -> 
  custom:scripting/monoscript/fileName/NoiseSettings.cs: 443d576e0c72ab62870476103c9384ec -> 
  custom:scripting/monoscript/fileName/GaussianFilter.cs: 0a3672ebe80edf7c5daca82445c15683 -> 
  custom:scripting/monoscript/fileName/CinemachineSceneTools.cs: d63880a6073ab3335301b115db235b5b -> 
  custom:scripting/monoscript/fileName/Cinemachine3rdPersonFollowEditor.cs: f79aa162534f81c680877e6274b5d6ec -> 
  custom:scripting/monoscript/fileName/EmbeddedAssetPropertyDrawer.cs: fd7ebc18093de04c88d0cfc86fb060f5 -> 
  custom:container-demuxer-webm: 4f35f7cbe854078d1ac9338744f61a02 -> 
  custom:scripting/monoscript/fileName/CinemachineTriggerActionEditor.cs: 2309a2ec6192ace4cae8bab5a535978e -> 
  custom:scripting/monoscript/fileName/ConfinerOven.cs: ff23c03e90b61beb34474fc6e4ff668c -> 
  custom:scripting/monoscript/fileName/VcamTargetPropertyDrawer.cs: 9208050b1312b118a226fef2d63e8fa1 -> 
  custom:scripting/monoscript/fileName/CinemachineCollisionImpulseSource.cs: 9aae5e368cb7786be199f98f2122f96d -> 
  custom:scripting/monoscript/fileName/CinemachineClearShotEditor.cs: ca8875b47e775cd361c78158d7923690 -> 
  custom:scripting/monoscript/fileName/WaveformWindow.cs: 01bbc4fc017d41a2bab7fb57c988e8da -> 
  custom:scripting/monoscript/fileName/CinemachinePipeline.cs: 6ca7a5979a0a73ea1d450a8fc9b437ef -> 
  custom:scripting/monoscript/fileName/CinemachineEditorAnalytics.cs: de76cc292d7ecedcf47af6616498c9f9 -> 
  custom:scripting/monoscript/fileName/NoiseSettingsPropertyDrawer.cs: 8d3f69ba7eeec63914970bd3136b6ace -> 
  custom:scripting/monoscript/fileName/VcamStageEditor.cs: 84b0eaf932b448975a99972628e556d8 -> 
  custom:scripting/monoscript/fileName/CinemachineBrainEditor.cs: 49621d8b7679c0b5d128fef53d55becd -> 
  custom:scripting/monoscript/fileName/CinemachineFramingTransposerEditor.cs: 1653e1c00b2ca68b1d40f01e5bfb8445 -> 
  custom:scripting/monoscript/fileName/CinemachineShotEditor.cs: 2ba28b209a4ad7f0a791994d2360a9af -> 
  custom:scripting/monoscript/fileName/CinemachineStateDrivenCameraEditor.cs: 77d9f0a97385f936d9b4ffaa686bce39 -> 
  custom:scripting/monoscript/fileName/OrbitalTransposerHeadingPropertyDrawer.cs: 22496b76ce84f35f630c90badc4babd8 -> 
  custom:scripting/monoscript/fileName/BasicMovement.cs: a880b29f2a71af6c65a37a45b20c49c7 -> 
  custom:scripting/monoscript/fileName/CinemachineHardLockToTargetEditor.cs: c65eaafd47115974a2a9379aae467b0e -> 
  custom:scripting/monoscript/fileName/CinemachinePathEditor.cs: ce10985fbf0e018e2dea63fedae131ba -> 
  custom:scripting/monoscript/fileName/CinemachineCollider.cs: 8fa92f525b1c31cd81812685d7f8c288 -> 
  custom:audio-encoder-webm-vorbis: bf7c407c2cedff20999df2af8eb42d56 -> 
  custom:scripting/monoscript/fileName/CameraState.cs: 6ae7088fa20820e052d1e4d86059e90b -> 
  custom:scripting/monoscript/fileName/CameraMe.cs: 7c1f197c71b319c626f5e49d4f89eacb -> 
  custom:scripting/monoscript/fileName/CinemachineToolbarOverlay.cs: 371b6fc494252d6fda34e207e170cb66 -> 
  custom:scripting/monoscript/fileName/CinemachineCollisionImpulseSourceEditor.cs: 29f9a522ec6b23375849ba08fd597c8d -> 
  custom:scripting/monoscript/fileName/CinemachineIndependentImpulseListener.cs: 91ae8748b9c36955c333e57505ff90fb -> 
  custom:scripting/monoscript/fileName/CinemachineMixingCameraEditor.cs: 1c122a21d710512fec62cdc7bd351681 -> 
  custom:scripting/monoscript/fileName/CinemachinePostProcessing.cs: bf9b100a1b61fd5383288bc96487c194 -> 
  custom:scripting/monoscript/fileName/CinemachineInputProvider.cs: ecb845de690695f08b3b3bb647cc7006 -> 
  custom:scripting/monoscript/fileName/CinemachineColliderEditor.cs: 859d1abbd669ee84cb713f6d4d0e1c5f -> 
  custom:scripting/monoscript/fileName/CinemachineSameAsFollowTarget.cs: bcfa2d394e1e5460b4ef3dc039214a16 -> 
  custom:scripting/monoscript/fileName/CinemachineExtension.cs: 6968db4afcdc301f6acb1ef4fbadb2f4 -> 
  custom:scripting/monoscript/fileName/CinemachineTargetGroup.cs: 10a09aa736b3a25da6dd9fc3c4dd9d36 -> 
  custom:scripting/monoscript/fileName/CinemachineVirtualCameraBaseEditor.cs: 13ee4931cd85df4b22852d0547b5e690 -> 
  custom:scripting/monoscript/fileName/UpdateTracker.cs: 3dac8a24a32a32e4bbfeb38ed26ef250 -> 
  custom:scripting/monoscript/fileName/CinemachineComposerEditor.cs: dda533b9c6cb2b366292f584704bd904 -> 
  custom:scripting/monoscript/fileName/Cinemachine3rdPersonFollow.cs: 4600bac2bdf6b37d80e86f9aa5a413c3 -> 
  custom:scripting/monoscript/fileName/CameraFollow.cs: de990732cc429467f8f49571d0872163 -> 
  custom:scripting/monoscript/fileName/EmbeddedAssetHelpers.cs: 90647cc400823b41df847a6cbfc29026 -> 
  custom:scripting/precompiled-assembly-types:Assembly-CSharp: eaca92c3b670a8148fe72fbcf5d47eac -> 67436ea41a9d3017f292b886f19aa56f
  custom:scripting/monoscript/fileName/CinemachineBlendListCamera.cs: 66104ac24fef171d9f5d5b93a8cb2f83 -> 
  custom:scripting/monoscript/fileName/CinemachineComponentBase.cs: 5293f153c13e9bd2fc262ec31ff69206 -> 
  custom:scripting/monoscript/fileName/BaseEditor.cs: 90647cc400823b41df847a6cbfc29026 -> 
  custom:container-muxer-webm: aa71ff27fc2769a1b78a27578f13a17b -> 
  custom:scripting/monoscript/fileName/SaveDuringPlay.cs: de39f1962b337699845d3d8a2e8f5bde -> 
========================================================================
Received Prepare
Caller must complete domain reload
Begin MonoManager ReloadAssembly
- Loaded All Assemblies, in  0.322 seconds
Native extension for WindowsStandalone target not found
Native extension for WebGL target not found
[Package Manager] Server::EnsureServerProcessIsRunning -- launch failed, reason: Unity was launched with the -noUpm command-line argument
[Package Manager] UpmClient::Send -- Unable to send message (not connected to UPM process).
[Package Manager] Cannot connect to Unity Package Manager local server
[Package Manager] Server::EnsureServerProcessIsRunning -- launch failed, reason: Unity was launched with the -noUpm command-line argument
[Package Manager] UpmClient::Send -- Unable to send message (not connected to UPM process).
[Package Manager] Cannot connect to Unity Package Manager local server
Mono: successfully reloaded assembly
[Package Manager] Server::EnsureServerProcessIsRunning -- launch failed, reason: Unity was launched with the -noUpm command-line argument
[Package Manager] UpmClient::Send -- Unable to send message (not connected to UPM process).
[Package Manager] Cannot connect to Unity Package Manager local server
- Finished resetting the current domain, in  0.873 seconds
Domain Reload Profiling: 1195ms
	BeginReloadAssembly (136ms)
		ExecutionOrderSort (0ms)
		DisableScriptedObjects (4ms)
		BackupInstance (0ms)
		ReleaseScriptingObjects (0ms)
		CreateAndSetChildDomain (26ms)
	RebuildCommonClasses (32ms)
	RebuildNativeTypeToScriptingClass (13ms)
	initialDomainReloadingComplete (18ms)
	LoadAllAssembliesAndSetupDomain (122ms)
		LoadAssemblies (192ms)
		RebuildTransferFunctionScriptingTraits (0ms)
		AnalyzeDomain (12ms)
			TypeCache.Refresh (5ms)
				TypeCache.ScanAssembly (0ms)
			ScanForSourceGeneratedMonoScriptInfo (0ms)
			ResolveRequiredComponents (6ms)
	FinalizeReload (873ms)
		ReleaseScriptCaches (0ms)
		RebuildScriptCaches (0ms)
		SetupLoadedEditorAssemblies (642ms)
			LogAssemblyErrors (0ms)
			InitializePlatformSupportModulesInManaged (6ms)
			SetLoadedEditorAssemblies (2ms)
			RefreshPlugins (0ms)
			BeforeProcessingInitializeOnLoad (42ms)
			ProcessInitializeOnLoadAttributes (560ms)
			ProcessInitializeOnLoadMethodAttributes (29ms)
			AfterProcessingInitializeOnLoad (3ms)
			EditorAssembliesLoaded (0ms)
		ExecutionOrderSort2 (0ms)
		AwakeInstancesAfterBackupRestoration (5ms)
Refreshing native plugins compatible for Editor in 1.05 ms, found 2 plugins.
Preloading 0 native plugins for Editor in 0.00 ms.
Unloading 1823 Unused Serialized files (Serialized files now loaded: 0)
Unloading 12 unused Assets / (131.9 KB). Loaded Objects now: 2547.
Memory consumption went from 95.9 MB to 95.8 MB.
Total: 3.291300 ms (FindLiveObjects: 0.131500 ms CreateObjectMapping: 0.051400 ms MarkObjects: 3.027800 ms  DeleteObjects: 0.079800 ms)

Prepare: number of updated asset objects reloaded= 0
AssetImportParameters requested are different than current active one (requested -> active):
  custom:scripting/monoscript/fileName/CinemachineGroupComposerEditor.cs: 54a07f36704e77a685a5e7e8c8b2c216 -> 
  custom:video-decoder-webm-vp8: 9c59270c3fd7afecdb556c50c9e8de78 -> 
  custom:scripting/monoscript/fileName/CinemachineConfinerEditor.cs: cc6c898a3390647ab91613c8a96de4b4 -> 
  custom:scripting/monoscript/fileName/CinemachineHardLookAt.cs: 792580aec23d39bcecd7ceea4c27a0ce -> 
  custom:scripting/monoscript/fileName/CinemachineInputAxisDriver.cs: 7e424e54660fed310c58dc98ea41042e -> 
  custom:scripting/monoscript/fileName/CinemachineStoryboardEditor.cs: 2e7ec8bfb72013eaaff4873a27da019c -> 
  custom:scripting/monoscript/fileName/CinemachineBasicMultiChannelPerlin.cs: bd5416e75860cd63657371207eb79058 -> 
  custom:scripting/monoscript/fileName/CinemachineBlendDefinitionPropertyDrawer.cs: 7ae344d19d646b738f3c65294becf216 -> 
  custom:scripting/monoscript/fileName/CinemachineTrackedDollyEditor.cs: b4d6784c58752cea58aafd9a76ca4459 -> 
  custom:scripting/monoscript/fileName/CinemachineImpulseManager.cs: c34be3577a810e26fd0110c580799b88 -> 
  custom:scripting/monoscript/fileName/CinemachineSmoothPath.cs: c28db2688f35d70587b5f943431a010a -> 
  custom:SearchIndexIgnoredProperties: e643bd26f0fe6173181afceb89e7c659 -> 
  custom:scripting/monoscript/fileName/CinemachineStateDrivenCamera.cs: aea2468a7384be4ba6d1b043ccec135d -> 
  custom:container-demuxer-ogg: 62fdf1f143b41e24485cea50d1cbac27 -> 
  custom:scripting/monoscript/fileName/CinemachineBlenderSettings.cs: 9adcb80668a56be4cd8e31c1d3dc60ae -> 
  custom:AudioImporter_EditorPlatform: d09bf68614088b80899f8185d706f6e7 -> 
  custom:scripting/monoscript/fileName/SignalSourceAsset.cs: f7ffd463dece56bad278f5a8d3ed7fc6 -> 
  custom:scripting/monoscript/fileName/CinemachineMixingCamera.cs: 739c5ceb76c01023f431794ec46a0177 -> 
  custom:scripting/monoscript/fileName/CinemachineCore.cs: fe6c3be993819098833de1628bfd76b2 -> 
  custom:scripting/monoscript/fileName/CinemachinePath.cs: b443d3c8837a65ddc3c78741cd58ec71 -> 
  custom:scripting/monoscript/fileName/CinemachineImpulseChannelPropertyDrawer.cs: 4b6390a17916751618e2a45cb8d47a80 -> 
  custom:scripting/monoscript/fileName/SerializedPropertyHelper.cs: b04ac165255e34bc2935ca9bf180e209 -> 
  custom:scripting/monoscript/fileName/CinemachineFramingTransposer.cs: 7943c9d436748359882d8f978cf86c91 -> 
  custom:scripting/monoscript/fileName/CinemachineImpulseListenerEditor.cs: d5d28e418f87c111bce1c1b98f1f70ba -> 
  custom:scripting/monoscript/fileName/AxisState.cs: 1a494a66d8b9a58f4a6873f89bf5b094 -> 
  custom:scripting/monoscript/fileName/CinemachineDollyCart.cs: bbe9d07f4a2f7ee5ab002e66cb05f922 -> 
  custom:scripting/monoscript/fileName/CinemachineStoryboard.cs: 59a2099f76be9b47af1e12ed7d40f553 -> 
  custom:scripting/monoscript/fileName/CinemachineClearShot.cs: 1da15f5c7903497ce3ae982ee4ee4779 -> 
  custom:scripting/monoscript/fileName/CinemachinePOVEditor.cs: 71db5a9242a182995b4ca15db516f628 -> 
  custom:scripting/monoscript/fileName/CinemachineMixer.cs: 2e36eb9e732dd7c8a32e8f83daebd6f4 -> 
  custom:scripting/monoscript/fileName/CinemachinePixelPerfect.cs: 2f42bea4517739481ed2553d1616050e -> 
  custom:scripting/monoscript/fileName/CinemachineTrackedDolly.cs: f6a9c21b27ad86d45f62f6b444ccbb49 -> 
  custom:scripting/monoscript/fileName/CinemachineHardLookAtEditor.cs: 15b8f2af6a6d786898ce5dd6b0db26dc -> 
  custom:scripting/monoscript/fileName/CinemachineConfiner.cs: 3813336c17662a5cb6b59ce5f1954254 -> 
  custom:video-codec-MediaFoundation-h265: 746d11721c4dcdbdad8f713fa42b33f4 -> 
  custom:scripting/monoscript/fileName/CinemachineComposer.cs: e399dfd36807c341da7cd182ce299d1e -> 
  custom:scripting/monoscript/fileName/CinemachineTrack.cs: 4b50d47d507c57dc81b82253ec075194 -> 
  custom:scripting/monoscript/fileName/CinemachineSmoothPathEditor.cs: 7555bcba4eb760e012dd21c6730ae562 -> 
  custom:scripting/monoscript/fileName/ScriptableObjectUtility.cs: c529d074f6f57a07e3f410d488963bbc -> 
  custom:scripting/monoscript/fileName/CinemachineBrain.cs: 365b4e0b6319f064062e97b8f8e32c8e -> 
  custom:scripting/monoscript/fileName/CinemachineImpulseDefinitionPropertyDrawer.cs: 1b2fc77b0a80a7e0e9045e0d44fb761c -> 
  custom:scripting/monoscript/fileName/CinemachineColliderPrefs.cs: 47106451d4685409820905badf49b71f -> 
  custom:scripting/monoscript/fileName/CinemachineFollowZoom.cs: eb74e2e98d3dc4647324e113f34710ca -> 
  custom:scripting/monoscript/fileName/CinemachineDebug.cs: 3077ed3b64725184c652d4c07ac732fd -> 
  custom:scripting/monoscript/fileName/CinemachineLensPresets.cs: 014747fb0ab87178c677520d0bf20bf7 -> 
  custom:video-decoder-ogg-theora: a1e56fd34408186e4bbccfd4996cb3dc -> 
  custom:scripting/monoscript/fileName/CinemachineOrbitalTransposer.cs: 71c52878ba6d43827473a480056a99da -> 
  custom:scripting/monoscript/fileName/CinemachineCameraOffset.cs: a6887f67d3eb83cc6393b822d4e65121 -> 
  custom:scripting/monoscript/fileName/ICinemachineCamera.cs: 2faad4f04eaf5d98c2870adbfb06184e -> 
  custom:scripting/monoscript/fileName/CinemachinePathBase.cs: debb99764287c54cae06313e2d6a1fe1 -> 
  custom:scripting/monoscript/fileName/CinemachineImpulseSource.cs: ac073b8453e26c5dd422d5f1a90a7ff2 -> 
  custom:scripting/monoscript/fileName/CinemachineShotPlayable.cs: e346ad1ecb4af45da55274cb9abd9ec0 -> 
  custom:scripting/monoscript/fileName/CinemachineTagFieldPropertyDrawer.cs: e78491a12decd558a49d01cc583bfcfb -> 
  custom:framework-win-MediaFoundation: 216162199b28c13a410421893ffa2e32 -> 
  custom:scripting/monoscript/fileName/CinemachineVolumeSettings.cs: 22782cc3dbf8dfd1cb54e8486f29fe0d -> 
  custom:scripting/monoscript/fileName/CinemachineImpulseEnvelopePropertyDrawer.cs: 07e00c9c84964a5c7e4f3f19e4263ec1 -> 
  custom:scripting/monoscript/fileName/SplineHelpers.cs: 9e5bf4293b3828088291b7871e233a27 -> 
  custom:scripting/monoscript/fileName/CinemachineImpulseSourceEditor.cs: 0ef7804c69c18838aa65e6d5bae5b055 -> 
  custom:scripting/monoscript/fileName/CinemachineExternalCameraEditor.cs: d74df442250b898c9b40669a19100e9d -> 
  custom:scripting/monoscript/fileName/NewBehaviourScript.cs: b21687ddb03d73bd9f0c1daecb9714de -> 
  custom:scripting/monoscript/fileName/CinemachineSameAsFollowTargetEditor.cs: 6def40fc1e39b3242347b6630fb5127e -> 
  custom:scripting/monoscript/fileName/CinemachineTargetGroupEditor.cs: f70ac85df8c1c9bd0b83a35534bafd1f -> 
  custom:scripting/monoscript/fileName/CinemachineRecomposer.cs: 07354cca81f7d0775b027b5906330569 -> 
  custom:scripting/monoscript/fileName/CinemachineTransposer.cs: aa226dd144b3a977b86ea888b85df5fa -> 
  custom:scripting/monoscript/fileName/CinemachineBlendListCameraEditor.cs: dbc12d2a9f3e2999a067290c411b2aca -> 
  custom:scripting/monoscript/fileName/TargetPositionCache.cs: 49ce97e6930a536b43825141e0c2d3a4 -> 
  custom:scripting/monoscript/fileName/CinemachineShot.cs: 3d4d9d05534db20e82d871d98ea52716 -> 
  custom:scripting/monoscript/fileName/CinemachineBasicMultiChannelPerlinEditor.cs: d6749cd6c482efa27bdd41f60394f1b9 -> 
  custom:scripting/monoscript/fileName/UnityVectorExtensions.cs: 052777772edecdffe26d41a6a989641e -> 
  custom:scripting/monoscript/fileName/CinemachineHardLockToTarget.cs: d349308c5b4f600a345055c394206f52 -> 
  custom:scripting/monoscript/fileName/CinemachineImpulseChannels.cs: a9a39cc5ecea1f083db0fce154eec19c -> 
  custom:scripting/monoscript/fileName/CinemachineConfiner2D.cs: beb10be0db8ff9d3a94bd0a150963b9b -> 
  custom:scripting/monoscript/fileName/LensSettings.cs: 4335e899502c57ee4480b8c9aa915366 -> 
  custom:scripting/monoscript/fileName/CinemachineExternalCamera.cs: d76122377115c288d881064c3f07a3f1 -> 
  custom:scripting/monoscript/fileName/Cinemachine3rdPersonAim.cs: 4bd230d915f070bb3cae23bef6f7ab70 -> 
  custom:scripting/monoscript/fileName/ReflectionHelpers.cs: 60a5d38af3e775d0a421a7ff630d61cc -> 
  custom:scripting/monoscript/fileName/CinemachineVirtualCamera.cs: f16f2dc5bc1261579875c19605c45301 -> 
  custom:scripting/monoscript/fileName/Predictor.cs: d51584936cb5b31b30ee7b444e03385b -> 
  custom:scripting/monoscript/fileName/CinemachineImpulseListener.cs: 6aac146243d38e7a67346170caa40ea1 -> 
  custom:scripting/monoscript/fileName/CinemachineOrbitalTransposerEditor.cs: 5ea2e4bec7ee6c24917bd86647f4bffa -> 
  custom:scripting/monoscript/fileName/CinemachineConfiner2DEditor.cs: 3f4b3d9b17ff5cd560135aa24f822994 -> 
  custom:scripting/monoscript/fileName/GroupWeightManipulator.cs: 588749cf3436a8199e762a8e09bc8de7 -> 
  custom:scripting/monoscript/fileName/AxisStatePropertyDrawer.cs: 2d807695a513641e771c78e6c342ff04 -> 
  custom:video-encoder-webm-vp8: eb34c28f22e8b96e1ab97ce403110664 -> 
  custom:scripting/monoscript/fileName/CinemachineScreenComposerGuides.cs: cdc7ea02ccc4c8d1561d98d16760d1ca -> 
  custom:scripting/monoscript/fileName/CinemachinePropertyAttribute.cs: e8158d9725ac3a9129a08e46a4ff7519 -> 
  custom:scripting/monoscript/fileName/CinemachineVirtualCameraEditor.cs: 2e051d0c474634e907fe4123d6e2656e -> 
  custom:scripting/monoscript/fileName/CinemachineMenu.cs: 7b932811d9fa1e44d0d8b2b9ed75adf3 -> 
  custom:scripting/monoscript/fileName/RuntimeUtility.cs: 8c92a9f673836e5d2084dbeb0f10159f -> 
  custom:scripting/monoscript/fileName/CinemachineFreeLook.cs: bebc32b18bc4beddc113bad68624e557 -> 
  custom:scripting/monoscript/fileName/CinemachineSettings.cs: 197f6d5ad32e253546b5afa056a5bba4 -> 
  custom:audio-decoder-ogg-vorbis: bf7c407c2cedff20999df2af8eb42d56 -> 
  custom:scripting/monoscript/fileName/CinemachineGroupComposer.cs: 173a689a80ef321c302f9c045419668f -> 
  custom:scripting/monoscript/fileName/CinemachineVirtualCameraBase.cs: c7e60cccdcb14ee2a33da9fd46c1c54f -> 
  custom:scripting/monoscript/fileName/CinemachineFixedSignal.cs: aedcdca7a861da6e456e0ae105b24c41 -> 
  custom:scripting/monoscript/fileName/CinemachineShotClipEditor.cs: 123a48531bf1d1b4f3c8398556caec62 -> 
  custom:scripting/monoscript/fileName/CinemachineNoiseSettingsEditor.cs: 9056e69d9c759ba2504535054fff31c9 -> 
  custom:scripting/monoscript/fileName/CinemachineTouchInputMapper.cs: b9698729a07a7d31c864247e0582b566 -> 
  custom:scripting/monoscript/fileName/CinemachineTriggerAction.cs: cab9c5d02c28af05797c2c3743539bdb -> 
  custom:scripting/monoscript/fileName/InspectorUtility.cs: e13a8546bf784ce9963c508abb88926b -> 
  custom:CustomObjectIndexerAttribute: 9a22284fe3817be447336de3de66b15e -> 
  custom:scripting/monoscript/fileName/CinemachinePOV.cs: e4df06d1994174afa286b103eb06ee7f -> 
  custom:scripting/monoscript/fileName/CinemachineBlenderSettingsEditor.cs: c57aa7de12bc3e7367ca091f4902c67b -> 
  custom:scripting/monoscript/fileName/CinemachineBlend.cs: f33659d50c4d86144d649aa7e8196529 -> 
  custom:scripting/precompiled-assembly-types:Cinemachine: 54c8b091bb91c32bfeada952c9c53e21 -> 
  custom:scripting/monoscript/fileName/CinemachineImpulseDefinition.cs: 3d434086a2bdaf715abf85e79e9f14b4 -> 
  custom:scripting/precompiled-assembly-types:com.unity.cinemachine.editor: e24bde9f61664824443e2ae04112f2bb -> 
  custom:scripting/monoscript/fileName/CinemachineFreeLookEditor.cs: 9641291977c1891a004ac4c4c259e1c8 -> 
  custom:scripting/monoscript/fileName/CinemachineTransposerEditor.cs: 85841a774ddea4fb7232a7a585f716b4 -> 
  custom:scripting/monoscript/fileName/clipper.cs: 2a50e35a835148907b3c1fa8e187ab2b -> 
  custom:scripting/monoscript/fileName/NoiseSettings.cs: 443d576e0c72ab62870476103c9384ec -> 
  custom:scripting/monoscript/fileName/GaussianFilter.cs: 0a3672ebe80edf7c5daca82445c15683 -> 
  custom:scripting/monoscript/fileName/CinemachineSceneTools.cs: d63880a6073ab3335301b115db235b5b -> 
  custom:scripting/monoscript/fileName/Cinemachine3rdPersonFollowEditor.cs: f79aa162534f81c680877e6274b5d6ec -> 
  custom:scripting/monoscript/fileName/EmbeddedAssetPropertyDrawer.cs: fd7ebc18093de04c88d0cfc86fb060f5 -> 
  custom:container-demuxer-webm: 4f35f7cbe854078d1ac9338744f61a02 -> 
  custom:scripting/monoscript/fileName/CinemachineTriggerActionEditor.cs: 2309a2ec6192ace4cae8bab5a535978e -> 
  custom:scripting/monoscript/fileName/ConfinerOven.cs: ff23c03e90b61beb34474fc6e4ff668c -> 
  custom:scripting/monoscript/fileName/VcamTargetPropertyDrawer.cs: 9208050b1312b118a226fef2d63e8fa1 -> 
  custom:scripting/monoscript/fileName/CinemachineCollisionImpulseSource.cs: 9aae5e368cb7786be199f98f2122f96d -> 
  custom:scripting/monoscript/fileName/CinemachineClearShotEditor.cs: ca8875b47e775cd361c78158d7923690 -> 
  custom:scripting/monoscript/fileName/WaveformWindow.cs: 01bbc4fc017d41a2bab7fb57c988e8da -> 
  custom:scripting/monoscript/fileName/CinemachinePipeline.cs: 6ca7a5979a0a73ea1d450a8fc9b437ef -> 
  custom:scripting/monoscript/fileName/CinemachineEditorAnalytics.cs: de76cc292d7ecedcf47af6616498c9f9 -> 
  custom:scripting/monoscript/fileName/NoiseSettingsPropertyDrawer.cs: 8d3f69ba7eeec63914970bd3136b6ace -> 
  custom:scripting/monoscript/fileName/VcamStageEditor.cs: 84b0eaf932b448975a99972628e556d8 -> 
  custom:scripting/monoscript/fileName/CinemachineBrainEditor.cs: 49621d8b7679c0b5d128fef53d55becd -> 
  custom:scripting/monoscript/fileName/CinemachineFramingTransposerEditor.cs: 1653e1c00b2ca68b1d40f01e5bfb8445 -> 
  custom:scripting/monoscript/fileName/CinemachineShotEditor.cs: 2ba28b209a4ad7f0a791994d2360a9af -> 
  custom:scripting/monoscript/fileName/CinemachineStateDrivenCameraEditor.cs: 77d9f0a97385f936d9b4ffaa686bce39 -> 
  custom:scripting/monoscript/fileName/OrbitalTransposerHeadingPropertyDrawer.cs: 22496b76ce84f35f630c90badc4babd8 -> 
  custom:scripting/monoscript/fileName/BasicMovement.cs: a880b29f2a71af6c65a37a45b20c49c7 -> 
  custom:scripting/monoscript/fileName/CinemachineHardLockToTargetEditor.cs: c65eaafd47115974a2a9379aae467b0e -> 
  custom:scripting/monoscript/fileName/CinemachinePathEditor.cs: ce10985fbf0e018e2dea63fedae131ba -> 
  custom:scripting/monoscript/fileName/CinemachineCollider.cs: 8fa92f525b1c31cd81812685d7f8c288 -> 
  custom:audio-encoder-webm-vorbis: bf7c407c2cedff20999df2af8eb42d56 -> 
  custom:scripting/monoscript/fileName/CameraState.cs: 6ae7088fa20820e052d1e4d86059e90b -> 
  custom:scripting/monoscript/fileName/CameraMe.cs: 7c1f197c71b319c626f5e49d4f89eacb -> 
  custom:scripting/monoscript/fileName/CinemachineToolbarOverlay.cs: 371b6fc494252d6fda34e207e170cb66 -> 
  custom:scripting/monoscript/fileName/CinemachineCollisionImpulseSourceEditor.cs: 29f9a522ec6b23375849ba08fd597c8d -> 
  custom:scripting/monoscript/fileName/CinemachineIndependentImpulseListener.cs: 91ae8748b9c36955c333e57505ff90fb -> 
  custom:scripting/monoscript/fileName/CinemachineMixingCameraEditor.cs: 1c122a21d710512fec62cdc7bd351681 -> 
  custom:scripting/monoscript/fileName/CinemachinePostProcessing.cs: bf9b100a1b61fd5383288bc96487c194 -> 
  custom:scripting/monoscript/fileName/CinemachineInputProvider.cs: ecb845de690695f08b3b3bb647cc7006 -> 
  custom:scripting/monoscript/fileName/CinemachineColliderEditor.cs: 859d1abbd669ee84cb713f6d4d0e1c5f -> 
  custom:scripting/monoscript/fileName/CinemachineSameAsFollowTarget.cs: bcfa2d394e1e5460b4ef3dc039214a16 -> 
  custom:scripting/monoscript/fileName/CinemachineExtension.cs: 6968db4afcdc301f6acb1ef4fbadb2f4 -> 
  custom:scripting/monoscript/fileName/CinemachineTargetGroup.cs: 10a09aa736b3a25da6dd9fc3c4dd9d36 -> 
  custom:scripting/monoscript/fileName/CinemachineVirtualCameraBaseEditor.cs: 13ee4931cd85df4b22852d0547b5e690 -> 
  custom:scripting/monoscript/fileName/UpdateTracker.cs: 3dac8a24a32a32e4bbfeb38ed26ef250 -> 
  custom:scripting/monoscript/fileName/CinemachineComposerEditor.cs: dda533b9c6cb2b366292f584704bd904 -> 
  custom:scripting/monoscript/fileName/Cinemachine3rdPersonFollow.cs: 4600bac2bdf6b37d80e86f9aa5a413c3 -> 
  custom:scripting/monoscript/fileName/CameraFollow.cs: de990732cc429467f8f49571d0872163 -> 
  custom:scripting/monoscript/fileName/EmbeddedAssetHelpers.cs: 90647cc400823b41df847a6cbfc29026 -> 
  custom:scripting/precompiled-assembly-types:Assembly-CSharp: eaca92c3b670a8148fe72fbcf5d47eac -> 67436ea41a9d3017f292b886f19aa56f
  custom:scripting/monoscript/fileName/CinemachineBlendListCamera.cs: 66104ac24fef171d9f5d5b93a8cb2f83 -> 
  custom:scripting/monoscript/fileName/CinemachineComponentBase.cs: 5293f153c13e9bd2fc262ec31ff69206 -> 
  custom:scripting/monoscript/fileName/BaseEditor.cs: 90647cc400823b41df847a6cbfc29026 -> 
  custom:container-muxer-webm: aa71ff27fc2769a1b78a27578f13a17b -> 
  custom:scripting/monoscript/fileName/SaveDuringPlay.cs: de39f1962b337699845d3d8a2e8f5bde -> 
========================================================================
Received Prepare
Caller must complete domain reload
Begin MonoManager ReloadAssembly
- Loaded All Assemblies, in  0.295 seconds
Native extension for WindowsStandalone target not found
Native extension for WebGL target not found
[Package Manager] Server::EnsureServerProcessIsRunning -- launch failed, reason: Unity was launched with the -noUpm command-line argument
[Package Manager] UpmClient::Send -- Unable to send message (not connected to UPM process).
[Package Manager] Cannot connect to Unity Package Manager local server
[Package Manager] Server::EnsureServerProcessIsRunning -- launch failed, reason: Unity was launched with the -noUpm command-line argument
[Package Manager] UpmClient::Send -- Unable to send message (not connected to UPM process).
[Package Manager] Cannot connect to Unity Package Manager local server
Mono: successfully reloaded assembly
[Package Manager] Server::EnsureServerProcessIsRunning -- launch failed, reason: Unity was launched with the -noUpm command-line argument
[Package Manager] UpmClient::Send -- Unable to send message (not connected to UPM process).
[Package Manager] Cannot connect to Unity Package Manager local server
- Finished resetting the current domain, in  0.880 seconds
Domain Reload Profiling: 1176ms
	BeginReloadAssembly (119ms)
		ExecutionOrderSort (0ms)
		DisableScriptedObjects (3ms)
		BackupInstance (0ms)
		ReleaseScriptingObjects (0ms)
		CreateAndSetChildDomain (25ms)
	RebuildCommonClasses (32ms)
	RebuildNativeTypeToScriptingClass (11ms)
	initialDomainReloadingComplete (18ms)
	LoadAllAssembliesAndSetupDomain (115ms)
		LoadAssemblies (169ms)
		RebuildTransferFunctionScriptingTraits (0ms)
		AnalyzeDomain (10ms)
			TypeCache.Refresh (5ms)
				TypeCache.ScanAssembly (0ms)
			ScanForSourceGeneratedMonoScriptInfo (0ms)
			ResolveRequiredComponents (5ms)
	FinalizeReload (881ms)
		ReleaseScriptCaches (0ms)
		RebuildScriptCaches (0ms)
		SetupLoadedEditorAssemblies (639ms)
			LogAssemblyErrors (0ms)
			InitializePlatformSupportModulesInManaged (5ms)
			SetLoadedEditorAssemblies (2ms)
			RefreshPlugins (0ms)
			BeforeProcessingInitializeOnLoad (42ms)
			ProcessInitializeOnLoadAttributes (561ms)
			ProcessInitializeOnLoadMethodAttributes (28ms)
			AfterProcessingInitializeOnLoad (2ms)
			EditorAssembliesLoaded (0ms)
		ExecutionOrderSort2 (0ms)
		AwakeInstancesAfterBackupRestoration (7ms)
Refreshing native plugins compatible for Editor in 1.03 ms, found 2 plugins.
Preloading 0 native plugins for Editor in 0.00 ms.
Unloading 1823 Unused Serialized files (Serialized files now loaded: 0)
Unloading 12 unused Assets / (132.1 KB). Loaded Objects now: 2563.
Memory consumption went from 95.9 MB to 95.8 MB.
Total: 3.421000 ms (FindLiveObjects: 0.190900 ms CreateObjectMapping: 0.098900 ms MarkObjects: 3.028200 ms  DeleteObjects: 0.101900 ms)

Prepare: number of updated asset objects reloaded= 0
AssetImportParameters requested are different than current active one (requested -> active):
  custom:scripting/monoscript/fileName/CinemachineGroupComposerEditor.cs: 54a07f36704e77a685a5e7e8c8b2c216 -> 
  custom:video-decoder-webm-vp8: 9c59270c3fd7afecdb556c50c9e8de78 -> 
  custom:scripting/monoscript/fileName/CinemachineConfinerEditor.cs: cc6c898a3390647ab91613c8a96de4b4 -> 
  custom:scripting/monoscript/fileName/CinemachineHardLookAt.cs: 792580aec23d39bcecd7ceea4c27a0ce -> 
  custom:scripting/monoscript/fileName/CinemachineInputAxisDriver.cs: 7e424e54660fed310c58dc98ea41042e -> 
  custom:scripting/monoscript/fileName/CinemachineStoryboardEditor.cs: 2e7ec8bfb72013eaaff4873a27da019c -> 
  custom:scripting/monoscript/fileName/CinemachineBasicMultiChannelPerlin.cs: bd5416e75860cd63657371207eb79058 -> 
  custom:scripting/monoscript/fileName/CinemachineBlendDefinitionPropertyDrawer.cs: 7ae344d19d646b738f3c65294becf216 -> 
  custom:scripting/monoscript/fileName/CinemachineTrackedDollyEditor.cs: b4d6784c58752cea58aafd9a76ca4459 -> 
  custom:scripting/monoscript/fileName/CinemachineImpulseManager.cs: c34be3577a810e26fd0110c580799b88 -> 
  custom:scripting/monoscript/fileName/CinemachineSmoothPath.cs: c28db2688f35d70587b5f943431a010a -> 
  custom:SearchIndexIgnoredProperties: e643bd26f0fe6173181afceb89e7c659 -> 
  custom:scripting/monoscript/fileName/CinemachineStateDrivenCamera.cs: aea2468a7384be4ba6d1b043ccec135d -> 
  custom:container-demuxer-ogg: 62fdf1f143b41e24485cea50d1cbac27 -> 
  custom:scripting/monoscript/fileName/CinemachineBlenderSettings.cs: 9adcb80668a56be4cd8e31c1d3dc60ae -> 
  custom:AudioImporter_EditorPlatform: d09bf68614088b80899f8185d706f6e7 -> 
  custom:scripting/monoscript/fileName/SignalSourceAsset.cs: f7ffd463dece56bad278f5a8d3ed7fc6 -> 
  custom:scripting/monoscript/fileName/CinemachineMixingCamera.cs: 739c5ceb76c01023f431794ec46a0177 -> 
  custom:scripting/monoscript/fileName/CinemachineCore.cs: fe6c3be993819098833de1628bfd76b2 -> 
  custom:scripting/monoscript/fileName/CinemachinePath.cs: b443d3c8837a65ddc3c78741cd58ec71 -> 
  custom:scripting/monoscript/fileName/CinemachineImpulseChannelPropertyDrawer.cs: 4b6390a17916751618e2a45cb8d47a80 -> 
  custom:scripting/monoscript/fileName/SerializedPropertyHelper.cs: b04ac165255e34bc2935ca9bf180e209 -> 
  custom:scripting/monoscript/fileName/CinemachineFramingTransposer.cs: 7943c9d436748359882d8f978cf86c91 -> 
  custom:scripting/monoscript/fileName/CinemachineImpulseListenerEditor.cs: d5d28e418f87c111bce1c1b98f1f70ba -> 
  custom:scripting/monoscript/fileName/AxisState.cs: 1a494a66d8b9a58f4a6873f89bf5b094 -> 
  custom:scripting/monoscript/fileName/CinemachineDollyCart.cs: bbe9d07f4a2f7ee5ab002e66cb05f922 -> 
  custom:scripting/monoscript/fileName/CinemachineStoryboard.cs: 59a2099f76be9b47af1e12ed7d40f553 -> 
  custom:scripting/monoscript/fileName/CinemachineClearShot.cs: 1da15f5c7903497ce3ae982ee4ee4779 -> 
  custom:scripting/monoscript/fileName/CinemachinePOVEditor.cs: 71db5a9242a182995b4ca15db516f628 -> 
  custom:scripting/monoscript/fileName/CinemachineMixer.cs: 2e36eb9e732dd7c8a32e8f83daebd6f4 -> 
  custom:scripting/monoscript/fileName/CinemachinePixelPerfect.cs: 2f42bea4517739481ed2553d1616050e -> 
  custom:scripting/monoscript/fileName/CinemachineTrackedDolly.cs: f6a9c21b27ad86d45f62f6b444ccbb49 -> 
  custom:scripting/monoscript/fileName/CinemachineHardLookAtEditor.cs: 15b8f2af6a6d786898ce5dd6b0db26dc -> 
  custom:scripting/monoscript/fileName/CinemachineConfiner.cs: 3813336c17662a5cb6b59ce5f1954254 -> 
  custom:video-codec-MediaFoundation-h265: 746d11721c4dcdbdad8f713fa42b33f4 -> 
  custom:scripting/monoscript/fileName/CinemachineComposer.cs: e399dfd36807c341da7cd182ce299d1e -> 
  custom:scripting/monoscript/fileName/CinemachineTrack.cs: 4b50d47d507c57dc81b82253ec075194 -> 
  custom:scripting/monoscript/fileName/CinemachineSmoothPathEditor.cs: 7555bcba4eb760e012dd21c6730ae562 -> 
  custom:scripting/monoscript/fileName/ScriptableObjectUtility.cs: c529d074f6f57a07e3f410d488963bbc -> 
  custom:scripting/monoscript/fileName/CinemachineBrain.cs: 365b4e0b6319f064062e97b8f8e32c8e -> 
  custom:scripting/monoscript/fileName/CinemachineImpulseDefinitionPropertyDrawer.cs: 1b2fc77b0a80a7e0e9045e0d44fb761c -> 
  custom:scripting/monoscript/fileName/CinemachineColliderPrefs.cs: 47106451d4685409820905badf49b71f -> 
  custom:scripting/monoscript/fileName/CinemachineFollowZoom.cs: eb74e2e98d3dc4647324e113f34710ca -> 
  custom:scripting/monoscript/fileName/CinemachineDebug.cs: 3077ed3b64725184c652d4c07ac732fd -> 
  custom:scripting/monoscript/fileName/CinemachineLensPresets.cs: 014747fb0ab87178c677520d0bf20bf7 -> 
  custom:video-decoder-ogg-theora: a1e56fd34408186e4bbccfd4996cb3dc -> 
  custom:scripting/monoscript/fileName/CinemachineOrbitalTransposer.cs: 71c52878ba6d43827473a480056a99da -> 
  custom:scripting/monoscript/fileName/CinemachineCameraOffset.cs: a6887f67d3eb83cc6393b822d4e65121 -> 
  custom:scripting/monoscript/fileName/ICinemachineCamera.cs: 2faad4f04eaf5d98c2870adbfb06184e -> 
  custom:scripting/monoscript/fileName/CinemachinePathBase.cs: debb99764287c54cae06313e2d6a1fe1 -> 
  custom:scripting/monoscript/fileName/CinemachineImpulseSource.cs: ac073b8453e26c5dd422d5f1a90a7ff2 -> 
  custom:scripting/monoscript/fileName/CinemachineShotPlayable.cs: e346ad1ecb4af45da55274cb9abd9ec0 -> 
  custom:scripting/monoscript/fileName/CinemachineTagFieldPropertyDrawer.cs: e78491a12decd558a49d01cc583bfcfb -> 
  custom:framework-win-MediaFoundation: 216162199b28c13a410421893ffa2e32 -> 
  custom:scripting/monoscript/fileName/CinemachineVolumeSettings.cs: 22782cc3dbf8dfd1cb54e8486f29fe0d -> 
  custom:scripting/monoscript/fileName/CinemachineImpulseEnvelopePropertyDrawer.cs: 07e00c9c84964a5c7e4f3f19e4263ec1 -> 
  custom:scripting/monoscript/fileName/SplineHelpers.cs: 9e5bf4293b3828088291b7871e233a27 -> 
  custom:scripting/monoscript/fileName/CinemachineImpulseSourceEditor.cs: 0ef7804c69c18838aa65e6d5bae5b055 -> 
  custom:scripting/monoscript/fileName/CinemachineExternalCameraEditor.cs: d74df442250b898c9b40669a19100e9d -> 
  custom:scripting/monoscript/fileName/NewBehaviourScript.cs: b21687ddb03d73bd9f0c1daecb9714de -> 
  custom:scripting/monoscript/fileName/CinemachineSameAsFollowTargetEditor.cs: 6def40fc1e39b3242347b6630fb5127e -> 
  custom:scripting/monoscript/fileName/CinemachineTargetGroupEditor.cs: f70ac85df8c1c9bd0b83a35534bafd1f -> 
  custom:scripting/monoscript/fileName/CinemachineRecomposer.cs: 07354cca81f7d0775b027b5906330569 -> 
  custom:scripting/monoscript/fileName/CinemachineTransposer.cs: aa226dd144b3a977b86ea888b85df5fa -> 
  custom:scripting/monoscript/fileName/CinemachineBlendListCameraEditor.cs: dbc12d2a9f3e2999a067290c411b2aca -> 
  custom:scripting/monoscript/fileName/TargetPositionCache.cs: 49ce97e6930a536b43825141e0c2d3a4 -> 
  custom:scripting/monoscript/fileName/CinemachineShot.cs: 3d4d9d05534db20e82d871d98ea52716 -> 
  custom:scripting/monoscript/fileName/CinemachineBasicMultiChannelPerlinEditor.cs: d6749cd6c482efa27bdd41f60394f1b9 -> 
  custom:scripting/monoscript/fileName/UnityVectorExtensions.cs: 052777772edecdffe26d41a6a989641e -> 
  custom:scripting/monoscript/fileName/CinemachineHardLockToTarget.cs: d349308c5b4f600a345055c394206f52 -> 
  custom:scripting/monoscript/fileName/CinemachineImpulseChannels.cs: a9a39cc5ecea1f083db0fce154eec19c -> 
  custom:scripting/monoscript/fileName/CinemachineConfiner2D.cs: beb10be0db8ff9d3a94bd0a150963b9b -> 
  custom:scripting/monoscript/fileName/LensSettings.cs: 4335e899502c57ee4480b8c9aa915366 -> 
  custom:scripting/monoscript/fileName/CinemachineExternalCamera.cs: d76122377115c288d881064c3f07a3f1 -> 
  custom:scripting/monoscript/fileName/Cinemachine3rdPersonAim.cs: 4bd230d915f070bb3cae23bef6f7ab70 -> 
  custom:scripting/monoscript/fileName/ReflectionHelpers.cs: 60a5d38af3e775d0a421a7ff630d61cc -> 
  custom:scripting/monoscript/fileName/CinemachineVirtualCamera.cs: f16f2dc5bc1261579875c19605c45301 -> 
  custom:scripting/monoscript/fileName/Predictor.cs: d51584936cb5b31b30ee7b444e03385b -> 
  custom:scripting/monoscript/fileName/CinemachineImpulseListener.cs: 6aac146243d38e7a67346170caa40ea1 -> 
  custom:scripting/monoscript/fileName/CinemachineOrbitalTransposerEditor.cs: 5ea2e4bec7ee6c24917bd86647f4bffa -> 
  custom:scripting/monoscript/fileName/CinemachineConfiner2DEditor.cs: 3f4b3d9b17ff5cd560135aa24f822994 -> 
  custom:scripting/monoscript/fileName/GroupWeightManipulator.cs: 588749cf3436a8199e762a8e09bc8de7 -> 
  custom:scripting/monoscript/fileName/AxisStatePropertyDrawer.cs: 2d807695a513641e771c78e6c342ff04 -> 
  custom:video-encoder-webm-vp8: eb34c28f22e8b96e1ab97ce403110664 -> 
  custom:scripting/monoscript/fileName/CinemachineScreenComposerGuides.cs: cdc7ea02ccc4c8d1561d98d16760d1ca -> 
  custom:scripting/monoscript/fileName/CinemachinePropertyAttribute.cs: e8158d9725ac3a9129a08e46a4ff7519 -> 
  custom:scripting/monoscript/fileName/CinemachineVirtualCameraEditor.cs: 2e051d0c474634e907fe4123d6e2656e -> 
  custom:scripting/monoscript/fileName/CinemachineMenu.cs: 7b932811d9fa1e44d0d8b2b9ed75adf3 -> 
  custom:scripting/monoscript/fileName/RuntimeUtility.cs: 8c92a9f673836e5d2084dbeb0f10159f -> 
  custom:scripting/monoscript/fileName/CinemachineFreeLook.cs: bebc32b18bc4beddc113bad68624e557 -> 
  custom:scripting/monoscript/fileName/CinemachineSettings.cs: 197f6d5ad32e253546b5afa056a5bba4 -> 
  custom:audio-decoder-ogg-vorbis: bf7c407c2cedff20999df2af8eb42d56 -> 
  custom:scripting/monoscript/fileName/CinemachineGroupComposer.cs: 173a689a80ef321c302f9c045419668f -> 
  custom:scripting/monoscript/fileName/CinemachineVirtualCameraBase.cs: c7e60cccdcb14ee2a33da9fd46c1c54f -> 
  custom:scripting/monoscript/fileName/CinemachineFixedSignal.cs: aedcdca7a861da6e456e0ae105b24c41 -> 
  custom:scripting/monoscript/fileName/CinemachineShotClipEditor.cs: 123a48531bf1d1b4f3c8398556caec62 -> 
  custom:scripting/monoscript/fileName/CinemachineNoiseSettingsEditor.cs: 9056e69d9c759ba2504535054fff31c9 -> 
  custom:scripting/monoscript/fileName/CinemachineTouchInputMapper.cs: b9698729a07a7d31c864247e0582b566 -> 
  custom:scripting/monoscript/fileName/CinemachineTriggerAction.cs: cab9c5d02c28af05797c2c3743539bdb -> 
  custom:scripting/monoscript/fileName/InspectorUtility.cs: e13a8546bf784ce9963c508abb88926b -> 
  custom:CustomObjectIndexerAttribute: 9a22284fe3817be447336de3de66b15e -> 
  custom:scripting/monoscript/fileName/CinemachinePOV.cs: e4df06d1994174afa286b103eb06ee7f -> 
  custom:scripting/monoscript/fileName/CinemachineBlenderSettingsEditor.cs: c57aa7de12bc3e7367ca091f4902c67b -> 
  custom:scripting/monoscript/fileName/CinemachineBlend.cs: f33659d50c4d86144d649aa7e8196529 -> 
  custom:scripting/precompiled-assembly-types:Cinemachine: 54c8b091bb91c32bfeada952c9c53e21 -> 
  custom:scripting/monoscript/fileName/CinemachineImpulseDefinition.cs: 3d434086a2bdaf715abf85e79e9f14b4 -> 
  custom:scripting/precompiled-assembly-types:com.unity.cinemachine.editor: e24bde9f61664824443e2ae04112f2bb -> 
  custom:scripting/monoscript/fileName/CinemachineFreeLookEditor.cs: 9641291977c1891a004ac4c4c259e1c8 -> 
  custom:scripting/monoscript/fileName/CinemachineTransposerEditor.cs: 85841a774ddea4fb7232a7a585f716b4 -> 
  custom:scripting/monoscript/fileName/clipper.cs: 2a50e35a835148907b3c1fa8e187ab2b -> 
  custom:scripting/monoscript/fileName/NoiseSettings.cs: 443d576e0c72ab62870476103c9384ec -> 
  custom:scripting/monoscript/fileName/GaussianFilter.cs: 0a3672ebe80edf7c5daca82445c15683 -> 
  custom:scripting/monoscript/fileName/CinemachineSceneTools.cs: d63880a6073ab3335301b115db235b5b -> 
  custom:scripting/monoscript/fileName/Cinemachine3rdPersonFollowEditor.cs: f79aa162534f81c680877e6274b5d6ec -> 
  custom:scripting/monoscript/fileName/EmbeddedAssetPropertyDrawer.cs: fd7ebc18093de04c88d0cfc86fb060f5 -> 
  custom:container-demuxer-webm: 4f35f7cbe854078d1ac9338744f61a02 -> 
  custom:scripting/monoscript/fileName/CinemachineTriggerActionEditor.cs: 2309a2ec6192ace4cae8bab5a535978e -> 
  custom:scripting/monoscript/fileName/ConfinerOven.cs: ff23c03e90b61beb34474fc6e4ff668c -> 
  custom:scripting/monoscript/fileName/VcamTargetPropertyDrawer.cs: 9208050b1312b118a226fef2d63e8fa1 -> 
  custom:scripting/monoscript/fileName/CinemachineCollisionImpulseSource.cs: 9aae5e368cb7786be199f98f2122f96d -> 
  custom:scripting/monoscript/fileName/CinemachineClearShotEditor.cs: ca8875b47e775cd361c78158d7923690 -> 
  custom:scripting/monoscript/fileName/WaveformWindow.cs: 01bbc4fc017d41a2bab7fb57c988e8da -> 
  custom:scripting/monoscript/fileName/CinemachinePipeline.cs: 6ca7a5979a0a73ea1d450a8fc9b437ef -> 
  custom:scripting/monoscript/fileName/CinemachineEditorAnalytics.cs: de76cc292d7ecedcf47af6616498c9f9 -> 
  custom:scripting/monoscript/fileName/NoiseSettingsPropertyDrawer.cs: 8d3f69ba7eeec63914970bd3136b6ace -> 
  custom:scripting/monoscript/fileName/VcamStageEditor.cs: 84b0eaf932b448975a99972628e556d8 -> 
  custom:scripting/monoscript/fileName/CinemachineBrainEditor.cs: 49621d8b7679c0b5d128fef53d55becd -> 
  custom:scripting/monoscript/fileName/CinemachineFramingTransposerEditor.cs: 1653e1c00b2ca68b1d40f01e5bfb8445 -> 
  custom:scripting/monoscript/fileName/CinemachineShotEditor.cs: 2ba28b209a4ad7f0a791994d2360a9af -> 
  custom:scripting/monoscript/fileName/CinemachineStateDrivenCameraEditor.cs: 77d9f0a97385f936d9b4ffaa686bce39 -> 
  custom:scripting/monoscript/fileName/OrbitalTransposerHeadingPropertyDrawer.cs: 22496b76ce84f35f630c90badc4babd8 -> 
  custom:scripting/monoscript/fileName/BasicMovement.cs: a880b29f2a71af6c65a37a45b20c49c7 -> 
  custom:scripting/monoscript/fileName/CinemachineHardLockToTargetEditor.cs: c65eaafd47115974a2a9379aae467b0e -> 
  custom:scripting/monoscript/fileName/CinemachinePathEditor.cs: ce10985fbf0e018e2dea63fedae131ba -> 
  custom:scripting/monoscript/fileName/CinemachineCollider.cs: 8fa92f525b1c31cd81812685d7f8c288 -> 
  custom:audio-encoder-webm-vorbis: bf7c407c2cedff20999df2af8eb42d56 -> 
  custom:scripting/monoscript/fileName/CameraState.cs: 6ae7088fa20820e052d1e4d86059e90b -> 
  custom:scripting/monoscript/fileName/CameraMe.cs: 7c1f197c71b319c626f5e49d4f89eacb -> 
  custom:scripting/monoscript/fileName/CinemachineToolbarOverlay.cs: 371b6fc494252d6fda34e207e170cb66 -> 
  custom:scripting/monoscript/fileName/CinemachineCollisionImpulseSourceEditor.cs: 29f9a522ec6b23375849ba08fd597c8d -> 
  custom:scripting/monoscript/fileName/CinemachineIndependentImpulseListener.cs: 91ae8748b9c36955c333e57505ff90fb -> 
  custom:scripting/monoscript/fileName/CinemachineMixingCameraEditor.cs: 1c122a21d710512fec62cdc7bd351681 -> 
  custom:scripting/monoscript/fileName/CinemachinePostProcessing.cs: bf9b100a1b61fd5383288bc96487c194 -> 
  custom:scripting/monoscript/fileName/CinemachineInputProvider.cs: ecb845de690695f08b3b3bb647cc7006 -> 
  custom:scripting/monoscript/fileName/CinemachineColliderEditor.cs: 859d1abbd669ee84cb713f6d4d0e1c5f -> 
  custom:scripting/monoscript/fileName/CinemachineSameAsFollowTarget.cs: bcfa2d394e1e5460b4ef3dc039214a16 -> 
  custom:scripting/monoscript/fileName/CinemachineExtension.cs: 6968db4afcdc301f6acb1ef4fbadb2f4 -> 
  custom:scripting/monoscript/fileName/CinemachineTargetGroup.cs: 10a09aa736b3a25da6dd9fc3c4dd9d36 -> 
  custom:scripting/monoscript/fileName/CinemachineVirtualCameraBaseEditor.cs: 13ee4931cd85df4b22852d0547b5e690 -> 
  custom:scripting/monoscript/fileName/UpdateTracker.cs: 3dac8a24a32a32e4bbfeb38ed26ef250 -> 
  custom:scripting/monoscript/fileName/CinemachineComposerEditor.cs: dda533b9c6cb2b366292f584704bd904 -> 
  custom:scripting/monoscript/fileName/Cinemachine3rdPersonFollow.cs: 4600bac2bdf6b37d80e86f9aa5a413c3 -> 
  custom:scripting/monoscript/fileName/CameraFollow.cs: de990732cc429467f8f49571d0872163 -> 
  custom:scripting/monoscript/fileName/EmbeddedAssetHelpers.cs: 90647cc400823b41df847a6cbfc29026 -> 
  custom:scripting/precompiled-assembly-types:Assembly-CSharp: eaca92c3b670a8148fe72fbcf5d47eac -> 67436ea41a9d3017f292b886f19aa56f
  custom:scripting/monoscript/fileName/CinemachineBlendListCamera.cs: 66104ac24fef171d9f5d5b93a8cb2f83 -> 
  custom:scripting/monoscript/fileName/CinemachineComponentBase.cs: 5293f153c13e9bd2fc262ec31ff69206 -> 
  custom:scripting/monoscript/fileName/BaseEditor.cs: 90647cc400823b41df847a6cbfc29026 -> 
  custom:container-muxer-webm: aa71ff27fc2769a1b78a27578f13a17b -> 
  custom:scripting/monoscript/fileName/SaveDuringPlay.cs: de39f1962b337699845d3d8a2e8f5bde -> 
========================================================================
Received Prepare
Caller must complete domain reload
Begin MonoManager ReloadAssembly
- Loaded All Assemblies, in  0.854 seconds
Native extension for WindowsStandalone target not found
Native extension for WebGL target not found
[Package Manager] Server::EnsureServerProcessIsRunning -- launch failed, reason: Unity was launched with the -noUpm command-line argument
[Package Manager] UpmClient::Send -- Unable to send message (not connected to UPM process).
[Package Manager] Cannot connect to Unity Package Manager local server
[Package Manager] Server::EnsureServerProcessIsRunning -- launch failed, reason: Unity was launched with the -noUpm command-line argument
[Package Manager] UpmClient::Send -- Unable to send message (not connected to UPM process).
[Package Manager] Cannot connect to Unity Package Manager local server
Mono: successfully reloaded assembly
[Package Manager] Server::EnsureServerProcessIsRunning -- launch failed, reason: Unity was launched with the -noUpm command-line argument
[Package Manager] UpmClient::Send -- Unable to send message (not connected to UPM process).
[Package Manager] Cannot connect to Unity Package Manager local server
- Finished resetting the current domain, in  2.450 seconds
Domain Reload Profiling: 3304ms
	BeginReloadAssembly (348ms)
		ExecutionOrderSort (0ms)
		DisableScriptedObjects (9ms)
		BackupInstance (0ms)
		ReleaseScriptingObjects (0ms)
		CreateAndSetChildDomain (72ms)
	RebuildCommonClasses (98ms)
	RebuildNativeTypeToScriptingClass (24ms)
	initialDomainReloadingComplete (49ms)
	LoadAllAssembliesAndSetupDomain (334ms)
		LoadAssemblies (515ms)
		RebuildTransferFunctionScriptingTraits (0ms)
		AnalyzeDomain (29ms)
			TypeCache.Refresh (11ms)
				TypeCache.ScanAssembly (0ms)
			ScanForSourceGeneratedMonoScriptInfo (1ms)
			ResolveRequiredComponents (15ms)
	FinalizeReload (2451ms)
		ReleaseScriptCaches (0ms)
		RebuildScriptCaches (0ms)
		SetupLoadedEditorAssemblies (1690ms)
			LogAssemblyErrors (0ms)
			InitializePlatformSupportModulesInManaged (15ms)
			SetLoadedEditorAssemblies (7ms)
			RefreshPlugins (0ms)
			BeforeProcessingInitializeOnLoad (107ms)
			ProcessInitializeOnLoadAttributes (1483ms)
			ProcessInitializeOnLoadMethodAttributes (72ms)
			AfterProcessingInitializeOnLoad (6ms)
			EditorAssembliesLoaded (0ms)
		ExecutionOrderSort2 (0ms)
		AwakeInstancesAfterBackupRestoration (18ms)
Refreshing native plugins compatible for Editor in 4.93 ms, found 2 plugins.
Preloading 0 native plugins for Editor in 0.00 ms.
Unloading 1823 Unused Serialized files (Serialized files now loaded: 0)
Unloading 12 unused Assets / (131.9 KB). Loaded Objects now: 2579.
Memory consumption went from 95.9 MB to 95.8 MB.
Total: 6.485300 ms (FindLiveObjects: 0.229600 ms CreateObjectMapping: 0.078800 ms MarkObjects: 6.017700 ms  DeleteObjects: 0.157100 ms)

Prepare: number of updated asset objects reloaded= 0
AssetImportParameters requested are different than current active one (requested -> active):
  custom:scripting/monoscript/fileName/CinemachineGroupComposerEditor.cs: 54a07f36704e77a685a5e7e8c8b2c216 -> 
  custom:video-decoder-webm-vp8: 9c59270c3fd7afecdb556c50c9e8de78 -> 
  custom:scripting/monoscript/fileName/CinemachineConfinerEditor.cs: cc6c898a3390647ab91613c8a96de4b4 -> 
  custom:scripting/monoscript/fileName/CinemachineHardLookAt.cs: 792580aec23d39bcecd7ceea4c27a0ce -> 
  custom:scripting/monoscript/fileName/CinemachineInputAxisDriver.cs: 7e424e54660fed310c58dc98ea41042e -> 
  custom:scripting/monoscript/fileName/CinemachineStoryboardEditor.cs: 2e7ec8bfb72013eaaff4873a27da019c -> 
  custom:scripting/monoscript/fileName/CinemachineBasicMultiChannelPerlin.cs: bd5416e75860cd63657371207eb79058 -> 
  custom:scripting/monoscript/fileName/CinemachineBlendDefinitionPropertyDrawer.cs: 7ae344d19d646b738f3c65294becf216 -> 
  custom:scripting/monoscript/fileName/CinemachineTrackedDollyEditor.cs: b4d6784c58752cea58aafd9a76ca4459 -> 
  custom:scripting/monoscript/fileName/CinemachineImpulseManager.cs: c34be3577a810e26fd0110c580799b88 -> 
  custom:scripting/monoscript/fileName/CinemachineSmoothPath.cs: c28db2688f35d70587b5f943431a010a -> 
  custom:SearchIndexIgnoredProperties: e643bd26f0fe6173181afceb89e7c659 -> 
  custom:scripting/monoscript/fileName/CinemachineStateDrivenCamera.cs: aea2468a7384be4ba6d1b043ccec135d -> 
  custom:container-demuxer-ogg: 62fdf1f143b41e24485cea50d1cbac27 -> 
  custom:scripting/monoscript/fileName/CinemachineBlenderSettings.cs: 9adcb80668a56be4cd8e31c1d3dc60ae -> 
  custom:AudioImporter_EditorPlatform: d09bf68614088b80899f8185d706f6e7 -> 
  custom:scripting/monoscript/fileName/SignalSourceAsset.cs: f7ffd463dece56bad278f5a8d3ed7fc6 -> 
  custom:scripting/monoscript/fileName/CinemachineMixingCamera.cs: 739c5ceb76c01023f431794ec46a0177 -> 
  custom:scripting/monoscript/fileName/CinemachineCore.cs: fe6c3be993819098833de1628bfd76b2 -> 
  custom:scripting/monoscript/fileName/CinemachinePath.cs: b443d3c8837a65ddc3c78741cd58ec71 -> 
  custom:scripting/monoscript/fileName/CinemachineImpulseChannelPropertyDrawer.cs: 4b6390a17916751618e2a45cb8d47a80 -> 
  custom:scripting/monoscript/fileName/SerializedPropertyHelper.cs: b04ac165255e34bc2935ca9bf180e209 -> 
  custom:scripting/monoscript/fileName/CinemachineFramingTransposer.cs: 7943c9d436748359882d8f978cf86c91 -> 
  custom:scripting/monoscript/fileName/CinemachineImpulseListenerEditor.cs: d5d28e418f87c111bce1c1b98f1f70ba -> 
  custom:scripting/monoscript/fileName/AxisState.cs: 1a494a66d8b9a58f4a6873f89bf5b094 -> 
  custom:scripting/monoscript/fileName/CinemachineDollyCart.cs: bbe9d07f4a2f7ee5ab002e66cb05f922 -> 
  custom:scripting/monoscript/fileName/CinemachineStoryboard.cs: 59a2099f76be9b47af1e12ed7d40f553 -> 
  custom:scripting/monoscript/fileName/CinemachineClearShot.cs: 1da15f5c7903497ce3ae982ee4ee4779 -> 
  custom:scripting/monoscript/fileName/CinemachinePOVEditor.cs: 71db5a9242a182995b4ca15db516f628 -> 
  custom:scripting/monoscript/fileName/CinemachineMixer.cs: 2e36eb9e732dd7c8a32e8f83daebd6f4 -> 
  custom:scripting/monoscript/fileName/CinemachinePixelPerfect.cs: 2f42bea4517739481ed2553d1616050e -> 
  custom:scripting/monoscript/fileName/CinemachineTrackedDolly.cs: f6a9c21b27ad86d45f62f6b444ccbb49 -> 
  custom:scripting/monoscript/fileName/CinemachineHardLookAtEditor.cs: 15b8f2af6a6d786898ce5dd6b0db26dc -> 
  custom:scripting/monoscript/fileName/CinemachineConfiner.cs: 3813336c17662a5cb6b59ce5f1954254 -> 
  custom:video-codec-MediaFoundation-h265: 746d11721c4dcdbdad8f713fa42b33f4 -> 
  custom:scripting/monoscript/fileName/CinemachineComposer.cs: e399dfd36807c341da7cd182ce299d1e -> 
  custom:scripting/monoscript/fileName/CinemachineTrack.cs: 4b50d47d507c57dc81b82253ec075194 -> 
  custom:scripting/monoscript/fileName/CinemachineSmoothPathEditor.cs: 7555bcba4eb760e012dd21c6730ae562 -> 
  custom:scripting/monoscript/fileName/ScriptableObjectUtility.cs: c529d074f6f57a07e3f410d488963bbc -> 
  custom:scripting/monoscript/fileName/CinemachineBrain.cs: 365b4e0b6319f064062e97b8f8e32c8e -> 
  custom:scripting/monoscript/fileName/CinemachineImpulseDefinitionPropertyDrawer.cs: 1b2fc77b0a80a7e0e9045e0d44fb761c -> 
  custom:scripting/monoscript/fileName/CinemachineColliderPrefs.cs: 47106451d4685409820905badf49b71f -> 
  custom:scripting/monoscript/fileName/CinemachineFollowZoom.cs: eb74e2e98d3dc4647324e113f34710ca -> 
  custom:scripting/monoscript/fileName/CinemachineDebug.cs: 3077ed3b64725184c652d4c07ac732fd -> 
  custom:scripting/monoscript/fileName/CinemachineLensPresets.cs: 014747fb0ab87178c677520d0bf20bf7 -> 
  custom:video-decoder-ogg-theora: a1e56fd34408186e4bbccfd4996cb3dc -> 
  custom:scripting/monoscript/fileName/CinemachineOrbitalTransposer.cs: 71c52878ba6d43827473a480056a99da -> 
  custom:scripting/monoscript/fileName/CinemachineCameraOffset.cs: a6887f67d3eb83cc6393b822d4e65121 -> 
  custom:scripting/monoscript/fileName/ICinemachineCamera.cs: 2faad4f04eaf5d98c2870adbfb06184e -> 
  custom:scripting/monoscript/fileName/CinemachinePathBase.cs: debb99764287c54cae06313e2d6a1fe1 -> 
  custom:scripting/monoscript/fileName/CinemachineImpulseSource.cs: ac073b8453e26c5dd422d5f1a90a7ff2 -> 
  custom:scripting/monoscript/fileName/CinemachineShotPlayable.cs: e346ad1ecb4af45da55274cb9abd9ec0 -> 
  custom:scripting/monoscript/fileName/CinemachineTagFieldPropertyDrawer.cs: e78491a12decd558a49d01cc583bfcfb -> 
  custom:framework-win-MediaFoundation: 216162199b28c13a410421893ffa2e32 -> 
  custom:scripting/monoscript/fileName/CinemachineVolumeSettings.cs: 22782cc3dbf8dfd1cb54e8486f29fe0d -> 
  custom:scripting/monoscript/fileName/CinemachineImpulseEnvelopePropertyDrawer.cs: 07e00c9c84964a5c7e4f3f19e4263ec1 -> 
  custom:scripting/monoscript/fileName/SplineHelpers.cs: 9e5bf4293b3828088291b7871e233a27 -> 
  custom:scripting/monoscript/fileName/CinemachineImpulseSourceEditor.cs: 0ef7804c69c18838aa65e6d5bae5b055 -> 
  custom:scripting/monoscript/fileName/CinemachineExternalCameraEditor.cs: d74df442250b898c9b40669a19100e9d -> 
  custom:scripting/monoscript/fileName/NewBehaviourScript.cs: b21687ddb03d73bd9f0c1daecb9714de -> 
  custom:scripting/monoscript/fileName/CinemachineSameAsFollowTargetEditor.cs: 6def40fc1e39b3242347b6630fb5127e -> 
  custom:scripting/monoscript/fileName/CinemachineTargetGroupEditor.cs: f70ac85df8c1c9bd0b83a35534bafd1f -> 
  custom:scripting/monoscript/fileName/CinemachineRecomposer.cs: 07354cca81f7d0775b027b5906330569 -> 
  custom:scripting/monoscript/fileName/CinemachineTransposer.cs: aa226dd144b3a977b86ea888b85df5fa -> 
  custom:scripting/monoscript/fileName/CinemachineBlendListCameraEditor.cs: dbc12d2a9f3e2999a067290c411b2aca -> 
  custom:scripting/monoscript/fileName/TargetPositionCache.cs: 49ce97e6930a536b43825141e0c2d3a4 -> 
  custom:scripting/monoscript/fileName/CinemachineShot.cs: 3d4d9d05534db20e82d871d98ea52716 -> 
  custom:scripting/monoscript/fileName/CinemachineBasicMultiChannelPerlinEditor.cs: d6749cd6c482efa27bdd41f60394f1b9 -> 
  custom:scripting/monoscript/fileName/UnityVectorExtensions.cs: 052777772edecdffe26d41a6a989641e -> 
  custom:scripting/monoscript/fileName/CinemachineHardLockToTarget.cs: d349308c5b4f600a345055c394206f52 -> 
  custom:scripting/monoscript/fileName/CinemachineImpulseChannels.cs: a9a39cc5ecea1f083db0fce154eec19c -> 
  custom:scripting/monoscript/fileName/CinemachineConfiner2D.cs: beb10be0db8ff9d3a94bd0a150963b9b -> 
  custom:scripting/monoscript/fileName/LensSettings.cs: 4335e899502c57ee4480b8c9aa915366 -> 
  custom:scripting/monoscript/fileName/CinemachineExternalCamera.cs: d76122377115c288d881064c3f07a3f1 -> 
  custom:scripting/monoscript/fileName/Cinemachine3rdPersonAim.cs: 4bd230d915f070bb3cae23bef6f7ab70 -> 
  custom:scripting/monoscript/fileName/ReflectionHelpers.cs: 60a5d38af3e775d0a421a7ff630d61cc -> 
  custom:scripting/monoscript/fileName/CinemachineVirtualCamera.cs: f16f2dc5bc1261579875c19605c45301 -> 
  custom:scripting/monoscript/fileName/Predictor.cs: d51584936cb5b31b30ee7b444e03385b -> 
  custom:scripting/monoscript/fileName/CinemachineImpulseListener.cs: 6aac146243d38e7a67346170caa40ea1 -> 
  custom:scripting/monoscript/fileName/CinemachineOrbitalTransposerEditor.cs: 5ea2e4bec7ee6c24917bd86647f4bffa -> 
  custom:scripting/monoscript/fileName/CinemachineConfiner2DEditor.cs: 3f4b3d9b17ff5cd560135aa24f822994 -> 
  custom:scripting/monoscript/fileName/GroupWeightManipulator.cs: 588749cf3436a8199e762a8e09bc8de7 -> 
  custom:scripting/monoscript/fileName/AxisStatePropertyDrawer.cs: 2d807695a513641e771c78e6c342ff04 -> 
  custom:video-encoder-webm-vp8: eb34c28f22e8b96e1ab97ce403110664 -> 
  custom:scripting/monoscript/fileName/CinemachineScreenComposerGuides.cs: cdc7ea02ccc4c8d1561d98d16760d1ca -> 
  custom:scripting/monoscript/fileName/CinemachinePropertyAttribute.cs: e8158d9725ac3a9129a08e46a4ff7519 -> 
  custom:scripting/monoscript/fileName/CinemachineVirtualCameraEditor.cs: 2e051d0c474634e907fe4123d6e2656e -> 
  custom:scripting/monoscript/fileName/CinemachineMenu.cs: 7b932811d9fa1e44d0d8b2b9ed75adf3 -> 
  custom:scripting/monoscript/fileName/RuntimeUtility.cs: 8c92a9f673836e5d2084dbeb0f10159f -> 
  custom:scripting/monoscript/fileName/CinemachineFreeLook.cs: bebc32b18bc4beddc113bad68624e557 -> 
  custom:scripting/monoscript/fileName/CinemachineSettings.cs: 197f6d5ad32e253546b5afa056a5bba4 -> 
  custom:audio-decoder-ogg-vorbis: bf7c407c2cedff20999df2af8eb42d56 -> 
  custom:scripting/monoscript/fileName/CinemachineGroupComposer.cs: 173a689a80ef321c302f9c045419668f -> 
  custom:scripting/monoscript/fileName/CinemachineVirtualCameraBase.cs: c7e60cccdcb14ee2a33da9fd46c1c54f -> 
  custom:scripting/monoscript/fileName/CinemachineFixedSignal.cs: aedcdca7a861da6e456e0ae105b24c41 -> 
  custom:scripting/monoscript/fileName/CinemachineShotClipEditor.cs: 123a48531bf1d1b4f3c8398556caec62 -> 
  custom:scripting/monoscript/fileName/CinemachineNoiseSettingsEditor.cs: 9056e69d9c759ba2504535054fff31c9 -> 
  custom:scripting/monoscript/fileName/CinemachineTouchInputMapper.cs: b9698729a07a7d31c864247e0582b566 -> 
  custom:scripting/monoscript/fileName/CinemachineTriggerAction.cs: cab9c5d02c28af05797c2c3743539bdb -> 
  custom:scripting/monoscript/fileName/InspectorUtility.cs: e13a8546bf784ce9963c508abb88926b -> 
  custom:CustomObjectIndexerAttribute: 9a22284fe3817be447336de3de66b15e -> 
  custom:scripting/monoscript/fileName/CinemachinePOV.cs: e4df06d1994174afa286b103eb06ee7f -> 
  custom:scripting/monoscript/fileName/CinemachineBlenderSettingsEditor.cs: c57aa7de12bc3e7367ca091f4902c67b -> 
  custom:scripting/monoscript/fileName/CinemachineBlend.cs: f33659d50c4d86144d649aa7e8196529 -> 
  custom:scripting/precompiled-assembly-types:Cinemachine: 54c8b091bb91c32bfeada952c9c53e21 -> 
  custom:scripting/monoscript/fileName/CinemachineImpulseDefinition.cs: 3d434086a2bdaf715abf85e79e9f14b4 -> 
  custom:scripting/precompiled-assembly-types:com.unity.cinemachine.editor: e24bde9f61664824443e2ae04112f2bb -> 
  custom:scripting/monoscript/fileName/CinemachineFreeLookEditor.cs: 9641291977c1891a004ac4c4c259e1c8 -> 
  custom:scripting/monoscript/fileName/CinemachineTransposerEditor.cs: 85841a774ddea4fb7232a7a585f716b4 -> 
  custom:scripting/monoscript/fileName/clipper.cs: 2a50e35a835148907b3c1fa8e187ab2b -> 
  custom:scripting/monoscript/fileName/NoiseSettings.cs: 443d576e0c72ab62870476103c9384ec -> 
  custom:scripting/monoscript/fileName/GaussianFilter.cs: 0a3672ebe80edf7c5daca82445c15683 -> 
  custom:scripting/monoscript/fileName/CinemachineSceneTools.cs: d63880a6073ab3335301b115db235b5b -> 
  custom:scripting/monoscript/fileName/Cinemachine3rdPersonFollowEditor.cs: f79aa162534f81c680877e6274b5d6ec -> 
  custom:scripting/monoscript/fileName/EmbeddedAssetPropertyDrawer.cs: fd7ebc18093de04c88d0cfc86fb060f5 -> 
  custom:container-demuxer-webm: 4f35f7cbe854078d1ac9338744f61a02 -> 
  custom:scripting/monoscript/fileName/CinemachineTriggerActionEditor.cs: 2309a2ec6192ace4cae8bab5a535978e -> 
  custom:scripting/monoscript/fileName/ConfinerOven.cs: ff23c03e90b61beb34474fc6e4ff668c -> 
  custom:scripting/monoscript/fileName/VcamTargetPropertyDrawer.cs: 9208050b1312b118a226fef2d63e8fa1 -> 
  custom:scripting/monoscript/fileName/CinemachineCollisionImpulseSource.cs: 9aae5e368cb7786be199f98f2122f96d -> 
  custom:scripting/monoscript/fileName/CinemachineClearShotEditor.cs: ca8875b47e775cd361c78158d7923690 -> 
  custom:scripting/monoscript/fileName/WaveformWindow.cs: 01bbc4fc017d41a2bab7fb57c988e8da -> 
  custom:scripting/monoscript/fileName/CinemachinePipeline.cs: 6ca7a5979a0a73ea1d450a8fc9b437ef -> 
  custom:scripting/monoscript/fileName/CinemachineEditorAnalytics.cs: de76cc292d7ecedcf47af6616498c9f9 -> 
  custom:scripting/monoscript/fileName/NoiseSettingsPropertyDrawer.cs: 8d3f69ba7eeec63914970bd3136b6ace -> 
  custom:scripting/monoscript/fileName/VcamStageEditor.cs: 84b0eaf932b448975a99972628e556d8 -> 
  custom:scripting/monoscript/fileName/CinemachineBrainEditor.cs: 49621d8b7679c0b5d128fef53d55becd -> 
  custom:scripting/monoscript/fileName/CinemachineFramingTransposerEditor.cs: 1653e1c00b2ca68b1d40f01e5bfb8445 -> 
  custom:scripting/monoscript/fileName/CinemachineShotEditor.cs: 2ba28b209a4ad7f0a791994d2360a9af -> 
  custom:scripting/monoscript/fileName/CinemachineStateDrivenCameraEditor.cs: 77d9f0a97385f936d9b4ffaa686bce39 -> 
  custom:scripting/monoscript/fileName/OrbitalTransposerHeadingPropertyDrawer.cs: 22496b76ce84f35f630c90badc4babd8 -> 
  custom:scripting/monoscript/fileName/BasicMovement.cs: a880b29f2a71af6c65a37a45b20c49c7 -> 
  custom:scripting/monoscript/fileName/CinemachineHardLockToTargetEditor.cs: c65eaafd47115974a2a9379aae467b0e -> 
  custom:scripting/monoscript/fileName/CinemachinePathEditor.cs: ce10985fbf0e018e2dea63fedae131ba -> 
  custom:scripting/monoscript/fileName/CinemachineCollider.cs: 8fa92f525b1c31cd81812685d7f8c288 -> 
  custom:audio-encoder-webm-vorbis: bf7c407c2cedff20999df2af8eb42d56 -> 
  custom:scripting/monoscript/fileName/CameraState.cs: 6ae7088fa20820e052d1e4d86059e90b -> 
  custom:scripting/monoscript/fileName/CameraMe.cs: 7c1f197c71b319c626f5e49d4f89eacb -> 
  custom:scripting/monoscript/fileName/CinemachineToolbarOverlay.cs: 371b6fc494252d6fda34e207e170cb66 -> 
  custom:scripting/monoscript/fileName/CinemachineCollisionImpulseSourceEditor.cs: 29f9a522ec6b23375849ba08fd597c8d -> 
  custom:scripting/monoscript/fileName/CinemachineIndependentImpulseListener.cs: 91ae8748b9c36955c333e57505ff90fb -> 
  custom:scripting/monoscript/fileName/CinemachineMixingCameraEditor.cs: 1c122a21d710512fec62cdc7bd351681 -> 
  custom:scripting/monoscript/fileName/CinemachinePostProcessing.cs: bf9b100a1b61fd5383288bc96487c194 -> 
  custom:scripting/monoscript/fileName/CinemachineInputProvider.cs: ecb845de690695f08b3b3bb647cc7006 -> 
  custom:scripting/monoscript/fileName/CinemachineColliderEditor.cs: 859d1abbd669ee84cb713f6d4d0e1c5f -> 
  custom:scripting/monoscript/fileName/CinemachineSameAsFollowTarget.cs: bcfa2d394e1e5460b4ef3dc039214a16 -> 
  custom:scripting/monoscript/fileName/CinemachineExtension.cs: 6968db4afcdc301f6acb1ef4fbadb2f4 -> 
  custom:scripting/monoscript/fileName/CinemachineTargetGroup.cs: 10a09aa736b3a25da6dd9fc3c4dd9d36 -> 
  custom:scripting/monoscript/fileName/CinemachineVirtualCameraBaseEditor.cs: 13ee4931cd85df4b22852d0547b5e690 -> 
  custom:scripting/monoscript/fileName/UpdateTracker.cs: 3dac8a24a32a32e4bbfeb38ed26ef250 -> 
  custom:scripting/monoscript/fileName/CinemachineComposerEditor.cs: dda533b9c6cb2b366292f584704bd904 -> 
  custom:scripting/monoscript/fileName/Cinemachine3rdPersonFollow.cs: 4600bac2bdf6b37d80e86f9aa5a413c3 -> 
  custom:scripting/monoscript/fileName/CameraFollow.cs: de990732cc429467f8f49571d0872163 -> 
  custom:scripting/monoscript/fileName/EmbeddedAssetHelpers.cs: 90647cc400823b41df847a6cbfc29026 -> 
  custom:scripting/precompiled-assembly-types:Assembly-CSharp: eaca92c3b670a8148fe72fbcf5d47eac -> 67436ea41a9d3017f292b886f19aa56f
  custom:scripting/monoscript/fileName/CinemachineBlendListCamera.cs: 66104ac24fef171d9f5d5b93a8cb2f83 -> 
  custom:scripting/monoscript/fileName/CinemachineComponentBase.cs: 5293f153c13e9bd2fc262ec31ff69206 -> 
  custom:scripting/monoscript/fileName/BaseEditor.cs: 90647cc400823b41df847a6cbfc29026 -> 
  custom:container-muxer-webm: aa71ff27fc2769a1b78a27578f13a17b -> 
  custom:scripting/monoscript/fileName/SaveDuringPlay.cs: de39f1962b337699845d3d8a2e8f5bde -> 
